Shape,Clarity,Color,Shape-Color-Clarity,Begin Size,End Size,List,Date
PS,IF,D,PS-D-IF-0.18,0.18,0.22,1370,9/6/2024
PS,VVS1,D,PS-D-VVS1-0.18,0.18,0.22,1370,9/6/2024
PS,VVS2,D,PS-D-VVS2-0.18,0.18,0.22,1370,9/6/2024
PS,VS1,D,PS-D-VS1-0.18,0.18,0.22,1160,9/6/2024
PS,VS2,D,PS-D-VS2-0.18,0.18,0.22,1160,9/6/2024
PS,SI1,D,PS-D-SI1-0.18,0.18,0.22,1000,9/6/2024
PS,SI2,D,PS-D-SI2-0.18,0.18,0.22,850,9/6/2024
PS,SI3,D,PS-D-SI3-0.18,0.18,0.22,710,9/6/2024
PS,I1,D,PS-D-I1-0.18,0.18,0.22,600,9/6/2024
PS,I2,D,PS-D-I2-0.18,0.18,0.22,450,9/6/2024
PS,I3,D,PS-D-I3-0.18,0.18,0.22,360,9/6/2024
PS,IF,E,PS-E-IF-0.18,0.18,0.22,1370,9/6/2024
PS,VVS1,E,PS-E-VVS1-0.18,0.18,0.22,1370,9/6/2024
PS,VVS2,E,PS-E-VVS2-0.18,0.18,0.22,1370,9/6/2024
PS,VS1,E,PS-E-VS1-0.18,0.18,0.22,1160,9/6/2024
PS,VS2,E,PS-E-VS2-0.18,0.18,0.22,1160,9/6/2024
PS,SI1,E,PS-E-SI1-0.18,0.18,0.22,1000,9/6/2024
PS,SI2,E,PS-E-SI2-0.18,0.18,0.22,850,9/6/2024
PS,SI3,E,PS-E-SI3-0.18,0.18,0.22,710,9/6/2024
PS,I1,E,PS-E-I1-0.18,0.18,0.22,600,9/6/2024
PS,I2,E,PS-E-I2-0.18,0.18,0.22,450,9/6/2024
PS,I3,E,PS-E-I3-0.18,0.18,0.22,360,9/6/2024
PS,IF,F,PS-F-IF-0.18,0.18,0.22,1370,9/6/2024
PS,VVS1,F,PS-F-VVS1-0.18,0.18,0.22,1370,9/6/2024
PS,VVS2,F,PS-F-VVS2-0.18,0.18,0.22,1370,9/6/2024
PS,VS1,F,PS-F-VS1-0.18,0.18,0.22,1160,9/6/2024
PS,VS2,F,PS-F-VS2-0.18,0.18,0.22,1160,9/6/2024
PS,SI1,F,PS-F-SI1-0.18,0.18,0.22,1000,9/6/2024
PS,SI2,F,PS-F-SI2-0.18,0.18,0.22,850,9/6/2024
PS,SI3,F,PS-F-SI3-0.18,0.18,0.22,710,9/6/2024
PS,I1,F,PS-F-I1-0.18,0.18,0.22,600,9/6/2024
PS,I2,F,PS-F-I2-0.18,0.18,0.22,450,9/6/2024
PS,I3,F,PS-F-I3-0.18,0.18,0.22,360,9/6/2024
PS,IF,G,PS-G-IF-0.18,0.18,0.22,1210,9/6/2024
PS,VVS1,G,PS-G-VVS1-0.18,0.18,0.22,1210,9/6/2024
PS,VVS2,G,PS-G-VVS2-0.18,0.18,0.22,1210,9/6/2024
PS,VS1,G,PS-G-VS1-0.18,0.18,0.22,1020,9/6/2024
PS,VS2,G,PS-G-VS2-0.18,0.18,0.22,1020,9/6/2024
PS,SI1,G,PS-G-SI1-0.18,0.18,0.22,880,9/6/2024
PS,SI2,G,PS-G-SI2-0.18,0.18,0.22,750,9/6/2024
PS,SI3,G,PS-G-SI3-0.18,0.18,0.22,630,9/6/2024
PS,I1,G,PS-G-I1-0.18,0.18,0.22,520,9/6/2024
PS,I2,G,PS-G-I2-0.18,0.18,0.22,400,9/6/2024
PS,I3,G,PS-G-I3-0.18,0.18,0.22,320,9/6/2024
PS,IF,H,PS-H-IF-0.18,0.18,0.22,1210,9/6/2024
PS,VVS1,H,PS-H-VVS1-0.18,0.18,0.22,1210,9/6/2024
PS,VVS2,H,PS-H-VVS2-0.18,0.18,0.22,1210,9/6/2024
PS,VS1,H,PS-H-VS1-0.18,0.18,0.22,1020,9/6/2024
PS,VS2,H,PS-H-VS2-0.18,0.18,0.22,1020,9/6/2024
PS,SI1,H,PS-H-SI1-0.18,0.18,0.22,880,9/6/2024
PS,SI2,H,PS-H-SI2-0.18,0.18,0.22,750,9/6/2024
PS,SI3,H,PS-H-SI3-0.18,0.18,0.22,630,9/6/2024
PS,I1,H,PS-H-I1-0.18,0.18,0.22,520,9/6/2024
PS,I2,H,PS-H-I2-0.18,0.18,0.22,400,9/6/2024
PS,I3,H,PS-H-I3-0.18,0.18,0.22,320,9/6/2024
PS,IF,I,PS-I-IF-0.18,0.18,0.22,1000,9/6/2024
PS,VVS1,I,PS-I-VVS1-0.18,0.18,0.22,1000,9/6/2024
PS,VVS2,I,PS-I-VVS2-0.18,0.18,0.22,1000,9/6/2024
PS,VS1,I,PS-I-VS1-0.18,0.18,0.22,850,9/6/2024
PS,VS2,I,PS-I-VS2-0.18,0.18,0.22,850,9/6/2024
PS,SI1,I,PS-I-SI1-0.18,0.18,0.22,750,9/6/2024
PS,SI2,I,PS-I-SI2-0.18,0.18,0.22,650,9/6/2024
PS,SI3,I,PS-I-SI3-0.18,0.18,0.22,540,9/6/2024
PS,I1,I,PS-I-I1-0.18,0.18,0.22,450,9/6/2024
PS,I2,I,PS-I-I2-0.18,0.18,0.22,350,9/6/2024
PS,I3,I,PS-I-I3-0.18,0.18,0.22,270,9/6/2024
PS,IF,J,PS-J-IF-0.18,0.18,0.22,1000,9/6/2024
PS,VVS1,J,PS-J-VVS1-0.18,0.18,0.22,1000,9/6/2024
PS,VVS2,J,PS-J-VVS2-0.18,0.18,0.22,1000,9/6/2024
PS,VS1,J,PS-J-VS1-0.18,0.18,0.22,850,9/6/2024
PS,VS2,J,PS-J-VS2-0.18,0.18,0.22,850,9/6/2024
PS,SI1,J,PS-J-SI1-0.18,0.18,0.22,750,9/6/2024
PS,SI2,J,PS-J-SI2-0.18,0.18,0.22,650,9/6/2024
PS,SI3,J,PS-J-SI3-0.18,0.18,0.22,540,9/6/2024
PS,I1,J,PS-J-I1-0.18,0.18,0.22,450,9/6/2024
PS,I2,J,PS-J-I2-0.18,0.18,0.22,350,9/6/2024
PS,I3,J,PS-J-I3-0.18,0.18,0.22,270,9/6/2024
PS,IF,K,PS-K-IF-0.18,0.18,0.22,770,9/6/2024
PS,VVS1,K,PS-K-VVS1-0.18,0.18,0.22,770,9/6/2024
PS,VVS2,K,PS-K-VVS2-0.18,0.18,0.22,770,9/6/2024
PS,VS1,K,PS-K-VS1-0.18,0.18,0.22,650,9/6/2024
PS,VS2,K,PS-K-VS2-0.18,0.18,0.22,650,9/6/2024
PS,SI1,K,PS-K-SI1-0.18,0.18,0.22,570,9/6/2024
PS,SI2,K,PS-K-SI2-0.18,0.18,0.22,490,9/6/2024
PS,SI3,K,PS-K-SI3-0.18,0.18,0.22,420,9/6/2024
PS,I1,K,PS-K-I1-0.18,0.18,0.22,350,9/6/2024
PS,I2,K,PS-K-I2-0.18,0.18,0.22,270,9/6/2024
PS,I3,K,PS-K-I3-0.18,0.18,0.22,210,9/6/2024
PS,IF,L,PS-L-IF-0.18,0.18,0.22,770,9/6/2024
PS,VVS1,L,PS-L-VVS1-0.18,0.18,0.22,770,9/6/2024
PS,VVS2,L,PS-L-VVS2-0.18,0.18,0.22,770,9/6/2024
PS,VS1,L,PS-L-VS1-0.18,0.18,0.22,650,9/6/2024
PS,VS2,L,PS-L-VS2-0.18,0.18,0.22,650,9/6/2024
PS,SI1,L,PS-L-SI1-0.18,0.18,0.22,570,9/6/2024
PS,SI2,L,PS-L-SI2-0.18,0.18,0.22,490,9/6/2024
PS,SI3,L,PS-L-SI3-0.18,0.18,0.22,420,9/6/2024
PS,I1,L,PS-L-I1-0.18,0.18,0.22,350,9/6/2024
PS,I2,L,PS-L-I2-0.18,0.18,0.22,270,9/6/2024
PS,I3,L,PS-L-I3-0.18,0.18,0.22,210,9/6/2024
PS,IF,M,PS-M-IF-0.18,0.18,0.22,600,9/6/2024
PS,VVS1,M,PS-M-VVS1-0.18,0.18,0.22,600,9/6/2024
PS,VVS2,M,PS-M-VVS2-0.18,0.18,0.22,600,9/6/2024
PS,VS1,M,PS-M-VS1-0.18,0.18,0.22,510,9/6/2024
PS,VS2,M,PS-M-VS2-0.18,0.18,0.22,510,9/6/2024
PS,SI1,M,PS-M-SI1-0.18,0.18,0.22,430,9/6/2024
PS,SI2,M,PS-M-SI2-0.18,0.18,0.22,370,9/6/2024
PS,SI3,M,PS-M-SI3-0.18,0.18,0.22,320,9/6/2024
PS,I1,M,PS-M-I1-0.18,0.18,0.22,260,9/6/2024
PS,I2,M,PS-M-I2-0.18,0.18,0.22,200,9/6/2024
PS,I3,M,PS-M-I3-0.18,0.18,0.22,150,9/6/2024
PS,IF,N,PS-N-IF-0.18,0.18,0.22,600,9/6/2024
PS,VVS1,N,PS-N-VVS1-0.18,0.18,0.22,600,9/6/2024
PS,VVS2,N,PS-N-VVS2-0.18,0.18,0.22,600,9/6/2024
PS,VS1,N,PS-N-VS1-0.18,0.18,0.22,510,9/6/2024
PS,VS2,N,PS-N-VS2-0.18,0.18,0.22,510,9/6/2024
PS,SI1,N,PS-N-SI1-0.18,0.18,0.22,430,9/6/2024
PS,SI2,N,PS-N-SI2-0.18,0.18,0.22,370,9/6/2024
PS,SI3,N,PS-N-SI3-0.18,0.18,0.22,320,9/6/2024
PS,I1,N,PS-N-I1-0.18,0.18,0.22,260,9/6/2024
PS,I2,N,PS-N-I2-0.18,0.18,0.22,200,9/6/2024
PS,I3,N,PS-N-I3-0.18,0.18,0.22,150,9/6/2024
PS,IF,D,PS-D-IF-0.23,0.23,0.29,1610,9/6/2024
PS,VVS1,D,PS-D-VVS1-0.23,0.23,0.29,1610,9/6/2024
PS,VVS2,D,PS-D-VVS2-0.23,0.23,0.29,1610,9/6/2024
PS,VS1,D,PS-D-VS1-0.23,0.23,0.29,1400,9/6/2024
PS,VS2,D,PS-D-VS2-0.23,0.23,0.29,1400,9/6/2024
PS,SI1,D,PS-D-SI1-0.23,0.23,0.29,1130,9/6/2024
PS,SI2,D,PS-D-SI2-0.23,0.23,0.29,970,9/6/2024
PS,SI3,D,PS-D-SI3-0.23,0.23,0.29,820,9/6/2024
PS,I1,D,PS-D-I1-0.23,0.23,0.29,660,9/6/2024
PS,I2,D,PS-D-I2-0.23,0.23,0.29,510,9/6/2024
PS,I3,D,PS-D-I3-0.23,0.23,0.29,400,9/6/2024
PS,IF,E,PS-E-IF-0.23,0.23,0.29,1610,9/6/2024
PS,VVS1,E,PS-E-VVS1-0.23,0.23,0.29,1610,9/6/2024
PS,VVS2,E,PS-E-VVS2-0.23,0.23,0.29,1610,9/6/2024
PS,VS1,E,PS-E-VS1-0.23,0.23,0.29,1400,9/6/2024
PS,VS2,E,PS-E-VS2-0.23,0.23,0.29,1400,9/6/2024
PS,SI1,E,PS-E-SI1-0.23,0.23,0.29,1130,9/6/2024
PS,SI2,E,PS-E-SI2-0.23,0.23,0.29,970,9/6/2024
PS,SI3,E,PS-E-SI3-0.23,0.23,0.29,820,9/6/2024
PS,I1,E,PS-E-I1-0.23,0.23,0.29,660,9/6/2024
PS,I2,E,PS-E-I2-0.23,0.23,0.29,510,9/6/2024
PS,I3,E,PS-E-I3-0.23,0.23,0.29,400,9/6/2024
PS,IF,F,PS-F-IF-0.23,0.23,0.29,1610,9/6/2024
PS,VVS1,F,PS-F-VVS1-0.23,0.23,0.29,1610,9/6/2024
PS,VVS2,F,PS-F-VVS2-0.23,0.23,0.29,1610,9/6/2024
PS,VS1,F,PS-F-VS1-0.23,0.23,0.29,1400,9/6/2024
PS,VS2,F,PS-F-VS2-0.23,0.23,0.29,1400,9/6/2024
PS,SI1,F,PS-F-SI1-0.23,0.23,0.29,1130,9/6/2024
PS,SI2,F,PS-F-SI2-0.23,0.23,0.29,970,9/6/2024
PS,SI3,F,PS-F-SI3-0.23,0.23,0.29,820,9/6/2024
PS,I1,F,PS-F-I1-0.23,0.23,0.29,660,9/6/2024
PS,I2,F,PS-F-I2-0.23,0.23,0.29,510,9/6/2024
PS,I3,F,PS-F-I3-0.23,0.23,0.29,400,9/6/2024
PS,IF,G,PS-G-IF-0.23,0.23,0.29,1410,9/6/2024
PS,VVS1,G,PS-G-VVS1-0.23,0.23,0.29,1410,9/6/2024
PS,VVS2,G,PS-G-VVS2-0.23,0.23,0.29,1410,9/6/2024
PS,VS1,G,PS-G-VS1-0.23,0.23,0.29,1210,9/6/2024
PS,VS2,G,PS-G-VS2-0.23,0.23,0.29,1210,9/6/2024
PS,SI1,G,PS-G-SI1-0.23,0.23,0.29,990,9/6/2024
PS,SI2,G,PS-G-SI2-0.23,0.23,0.29,840,9/6/2024
PS,SI3,G,PS-G-SI3-0.23,0.23,0.29,720,9/6/2024
PS,I1,G,PS-G-I1-0.23,0.23,0.29,570,9/6/2024
PS,I2,G,PS-G-I2-0.23,0.23,0.29,450,9/6/2024
PS,I3,G,PS-G-I3-0.23,0.23,0.29,350,9/6/2024
PS,IF,H,PS-H-IF-0.23,0.23,0.29,1410,9/6/2024
PS,VVS1,H,PS-H-VVS1-0.23,0.23,0.29,1410,9/6/2024
PS,VVS2,H,PS-H-VVS2-0.23,0.23,0.29,1410,9/6/2024
PS,VS1,H,PS-H-VS1-0.23,0.23,0.29,1210,9/6/2024
PS,VS2,H,PS-H-VS2-0.23,0.23,0.29,1210,9/6/2024
PS,SI1,H,PS-H-SI1-0.23,0.23,0.29,990,9/6/2024
PS,SI2,H,PS-H-SI2-0.23,0.23,0.29,840,9/6/2024
PS,SI3,H,PS-H-SI3-0.23,0.23,0.29,720,9/6/2024
PS,I1,H,PS-H-I1-0.23,0.23,0.29,570,9/6/2024
PS,I2,H,PS-H-I2-0.23,0.23,0.29,450,9/6/2024
PS,I3,H,PS-H-I3-0.23,0.23,0.29,350,9/6/2024
PS,IF,I,PS-I-IF-0.23,0.23,0.29,1180,9/6/2024
PS,VVS1,I,PS-I-VVS1-0.23,0.23,0.29,1180,9/6/2024
PS,VVS2,I,PS-I-VVS2-0.23,0.23,0.29,1180,9/6/2024
PS,VS1,I,PS-I-VS1-0.23,0.23,0.29,1020,9/6/2024
PS,VS2,I,PS-I-VS2-0.23,0.23,0.29,1020,9/6/2024
PS,SI1,I,PS-I-SI1-0.23,0.23,0.29,840,9/6/2024
PS,SI2,I,PS-I-SI2-0.23,0.23,0.29,720,9/6/2024
PS,SI3,I,PS-I-SI3-0.23,0.23,0.29,630,9/6/2024
PS,I1,I,PS-I-I1-0.23,0.23,0.29,490,9/6/2024
PS,I2,I,PS-I-I2-0.23,0.23,0.29,390,9/6/2024
PS,I3,I,PS-I-I3-0.23,0.23,0.29,300,9/6/2024
PS,IF,J,PS-J-IF-0.23,0.23,0.29,1180,9/6/2024
PS,VVS1,J,PS-J-VVS1-0.23,0.23,0.29,1180,9/6/2024
PS,VVS2,J,PS-J-VVS2-0.23,0.23,0.29,1180,9/6/2024
PS,VS1,J,PS-J-VS1-0.23,0.23,0.29,1020,9/6/2024
PS,VS2,J,PS-J-VS2-0.23,0.23,0.29,1020,9/6/2024
PS,SI1,J,PS-J-SI1-0.23,0.23,0.29,840,9/6/2024
PS,SI2,J,PS-J-SI2-0.23,0.23,0.29,720,9/6/2024
PS,SI3,J,PS-J-SI3-0.23,0.23,0.29,630,9/6/2024
PS,I1,J,PS-J-I1-0.23,0.23,0.29,490,9/6/2024
PS,I2,J,PS-J-I2-0.23,0.23,0.29,390,9/6/2024
PS,I3,J,PS-J-I3-0.23,0.23,0.29,300,9/6/2024
PS,IF,K,PS-K-IF-0.23,0.23,0.29,940,9/6/2024
PS,VVS1,K,PS-K-VVS1-0.23,0.23,0.29,940,9/6/2024
PS,VVS2,K,PS-K-VVS2-0.23,0.23,0.29,940,9/6/2024
PS,VS1,K,PS-K-VS1-0.23,0.23,0.29,820,9/6/2024
PS,VS2,K,PS-K-VS2-0.23,0.23,0.29,820,9/6/2024
PS,SI1,K,PS-K-SI1-0.23,0.23,0.29,670,9/6/2024
PS,SI2,K,PS-K-SI2-0.23,0.23,0.29,590,9/6/2024
PS,SI3,K,PS-K-SI3-0.23,0.23,0.29,510,9/6/2024
PS,I1,K,PS-K-I1-0.23,0.23,0.29,390,9/6/2024
PS,I2,K,PS-K-I2-0.23,0.23,0.29,310,9/6/2024
PS,I3,K,PS-K-I3-0.23,0.23,0.29,230,9/6/2024
PS,IF,L,PS-L-IF-0.23,0.23,0.29,940,9/6/2024
PS,VVS1,L,PS-L-VVS1-0.23,0.23,0.29,940,9/6/2024
PS,VVS2,L,PS-L-VVS2-0.23,0.23,0.29,940,9/6/2024
PS,VS1,L,PS-L-VS1-0.23,0.23,0.29,820,9/6/2024
PS,VS2,L,PS-L-VS2-0.23,0.23,0.29,820,9/6/2024
PS,SI1,L,PS-L-SI1-0.23,0.23,0.29,670,9/6/2024
PS,SI2,L,PS-L-SI2-0.23,0.23,0.29,590,9/6/2024
PS,SI3,L,PS-L-SI3-0.23,0.23,0.29,510,9/6/2024
PS,I1,L,PS-L-I1-0.23,0.23,0.29,390,9/6/2024
PS,I2,L,PS-L-I2-0.23,0.23,0.29,310,9/6/2024
PS,I3,L,PS-L-I3-0.23,0.23,0.29,230,9/6/2024
PS,IF,M,PS-M-IF-0.23,0.23,0.29,780,9/6/2024
PS,VVS1,M,PS-M-VVS1-0.23,0.23,0.29,780,9/6/2024
PS,VVS2,M,PS-M-VVS2-0.23,0.23,0.29,780,9/6/2024
PS,VS1,M,PS-M-VS1-0.23,0.23,0.29,660,9/6/2024
PS,VS2,M,PS-M-VS2-0.23,0.23,0.29,660,9/6/2024
PS,SI1,M,PS-M-SI1-0.23,0.23,0.29,550,9/6/2024
PS,SI2,M,PS-M-SI2-0.23,0.23,0.29,480,9/6/2024
PS,SI3,M,PS-M-SI3-0.23,0.23,0.29,420,9/6/2024
PS,I1,M,PS-M-I1-0.23,0.23,0.29,310,9/6/2024
PS,I2,M,PS-M-I2-0.23,0.23,0.29,240,9/6/2024
PS,I3,M,PS-M-I3-0.23,0.23,0.29,170,9/6/2024
PS,IF,N,PS-N-IF-0.23,0.23,0.29,780,9/6/2024
PS,VVS1,N,PS-N-VVS1-0.23,0.23,0.29,780,9/6/2024
PS,VVS2,N,PS-N-VVS2-0.23,0.23,0.29,780,9/6/2024
PS,VS1,N,PS-N-VS1-0.23,0.23,0.29,660,9/6/2024
PS,VS2,N,PS-N-VS2-0.23,0.23,0.29,660,9/6/2024
PS,SI1,N,PS-N-SI1-0.23,0.23,0.29,550,9/6/2024
PS,SI2,N,PS-N-SI2-0.23,0.23,0.29,480,9/6/2024
PS,SI3,N,PS-N-SI3-0.23,0.23,0.29,420,9/6/2024
PS,I1,N,PS-N-I1-0.23,0.23,0.29,310,9/6/2024
PS,I2,N,PS-N-I2-0.23,0.23,0.29,240,9/6/2024
PS,I3,N,PS-N-I3-0.23,0.23,0.29,170,9/6/2024
PS,IF,D,PS-D-IF-0.3,0.3,0.39,2400,9/6/2024
PS,VVS1,D,PS-D-VVS1-0.3,0.3,0.39,2200,9/6/2024
PS,VVS2,D,PS-D-VVS2-0.3,0.3,0.39,2000,9/6/2024
PS,VS1,D,PS-D-VS1-0.3,0.3,0.39,1800,9/6/2024
PS,VS2,D,PS-D-VS2-0.3,0.3,0.39,1700,9/6/2024
PS,SI1,D,PS-D-SI1-0.3,0.3,0.39,1600,9/6/2024
PS,SI2,D,PS-D-SI2-0.3,0.3,0.39,1400,9/6/2024
PS,SI3,D,PS-D-SI3-0.3,0.3,0.39,1200,9/6/2024
PS,I1,D,PS-D-I1-0.3,0.3,0.39,1000,9/6/2024
PS,I2,D,PS-D-I2-0.3,0.3,0.39,800,9/6/2024
PS,I3,D,PS-D-I3-0.3,0.3,0.39,600,9/6/2024
PS,IF,E,PS-E-IF-0.3,0.3,0.39,2200,9/6/2024
PS,VVS1,E,PS-E-VVS1-0.3,0.3,0.39,2000,9/6/2024
PS,VVS2,E,PS-E-VVS2-0.3,0.3,0.39,1800,9/6/2024
PS,VS1,E,PS-E-VS1-0.3,0.3,0.39,1700,9/6/2024
PS,VS2,E,PS-E-VS2-0.3,0.3,0.39,1600,9/6/2024
PS,SI1,E,PS-E-SI1-0.3,0.3,0.39,1500,9/6/2024
PS,SI2,E,PS-E-SI2-0.3,0.3,0.39,1300,9/6/2024
PS,SI3,E,PS-E-SI3-0.3,0.3,0.39,1100,9/6/2024
PS,I1,E,PS-E-I1-0.3,0.3,0.39,900,9/6/2024
PS,I2,E,PS-E-I2-0.3,0.3,0.39,800,9/6/2024
PS,I3,E,PS-E-I3-0.3,0.3,0.39,500,9/6/2024
PS,IF,F,PS-F-IF-0.3,0.3,0.39,2000,9/6/2024
PS,VVS1,F,PS-F-VVS1-0.3,0.3,0.39,1800,9/6/2024
PS,VVS2,F,PS-F-VVS2-0.3,0.3,0.39,1700,9/6/2024
PS,VS1,F,PS-F-VS1-0.3,0.3,0.39,1600,9/6/2024
PS,VS2,F,PS-F-VS2-0.3,0.3,0.39,1500,9/6/2024
PS,SI1,F,PS-F-SI1-0.3,0.3,0.39,1400,9/6/2024
PS,SI2,F,PS-F-SI2-0.3,0.3,0.39,1200,9/6/2024
PS,SI3,F,PS-F-SI3-0.3,0.3,0.39,1000,9/6/2024
PS,I1,F,PS-F-I1-0.3,0.3,0.39,800,9/6/2024
PS,I2,F,PS-F-I2-0.3,0.3,0.39,700,9/6/2024
PS,I3,F,PS-F-I3-0.3,0.3,0.39,500,9/6/2024
PS,IF,G,PS-G-IF-0.3,0.3,0.39,1800,9/6/2024
PS,VVS1,G,PS-G-VVS1-0.3,0.3,0.39,1700,9/6/2024
PS,VVS2,G,PS-G-VVS2-0.3,0.3,0.39,1600,9/6/2024
PS,VS1,G,PS-G-VS1-0.3,0.3,0.39,1500,9/6/2024
PS,VS2,G,PS-G-VS2-0.3,0.3,0.39,1400,9/6/2024
PS,SI1,G,PS-G-SI1-0.3,0.3,0.39,1300,9/6/2024
PS,SI2,G,PS-G-SI2-0.3,0.3,0.39,1100,9/6/2024
PS,SI3,G,PS-G-SI3-0.3,0.3,0.39,900,9/6/2024
PS,I1,G,PS-G-I1-0.3,0.3,0.39,800,9/6/2024
PS,I2,G,PS-G-I2-0.3,0.3,0.39,700,9/6/2024
PS,I3,G,PS-G-I3-0.3,0.3,0.39,400,9/6/2024
PS,IF,H,PS-H-IF-0.3,0.3,0.39,1700,9/6/2024
PS,VVS1,H,PS-H-VVS1-0.3,0.3,0.39,1600,9/6/2024
PS,VVS2,H,PS-H-VVS2-0.3,0.3,0.39,1500,9/6/2024
PS,VS1,H,PS-H-VS1-0.3,0.3,0.39,1400,9/6/2024
PS,VS2,H,PS-H-VS2-0.3,0.3,0.39,1300,9/6/2024
PS,SI1,H,PS-H-SI1-0.3,0.3,0.39,1200,9/6/2024
PS,SI2,H,PS-H-SI2-0.3,0.3,0.39,1000,9/6/2024
PS,SI3,H,PS-H-SI3-0.3,0.3,0.39,800,9/6/2024
PS,I1,H,PS-H-I1-0.3,0.3,0.39,700,9/6/2024
PS,I2,H,PS-H-I2-0.3,0.3,0.39,600,9/6/2024
PS,I3,H,PS-H-I3-0.3,0.3,0.39,400,9/6/2024
PS,IF,I,PS-I-IF-0.3,0.3,0.39,1500,9/6/2024
PS,VVS1,I,PS-I-VVS1-0.3,0.3,0.39,1400,9/6/2024
PS,VVS2,I,PS-I-VVS2-0.3,0.3,0.39,1300,9/6/2024
PS,VS1,I,PS-I-VS1-0.3,0.3,0.39,1200,9/6/2024
PS,VS2,I,PS-I-VS2-0.3,0.3,0.39,1100,9/6/2024
PS,SI1,I,PS-I-SI1-0.3,0.3,0.39,1000,9/6/2024
PS,SI2,I,PS-I-SI2-0.3,0.3,0.39,900,9/6/2024
PS,SI3,I,PS-I-SI3-0.3,0.3,0.39,800,9/6/2024
PS,I1,I,PS-I-I1-0.3,0.3,0.39,700,9/6/2024
PS,I2,I,PS-I-I2-0.3,0.3,0.39,600,9/6/2024
PS,I3,I,PS-I-I3-0.3,0.3,0.39,400,9/6/2024
PS,IF,J,PS-J-IF-0.3,0.3,0.39,1300,9/6/2024
PS,VVS1,J,PS-J-VVS1-0.3,0.3,0.39,1200,9/6/2024
PS,VVS2,J,PS-J-VVS2-0.3,0.3,0.39,1100,9/6/2024
PS,VS1,J,PS-J-VS1-0.3,0.3,0.39,1100,9/6/2024
PS,VS2,J,PS-J-VS2-0.3,0.3,0.39,1000,9/6/2024
PS,SI1,J,PS-J-SI1-0.3,0.3,0.39,900,9/6/2024
PS,SI2,J,PS-J-SI2-0.3,0.3,0.39,800,9/6/2024
PS,SI3,J,PS-J-SI3-0.3,0.3,0.39,700,9/6/2024
PS,I1,J,PS-J-I1-0.3,0.3,0.39,600,9/6/2024
PS,I2,J,PS-J-I2-0.3,0.3,0.39,500,9/6/2024
PS,I3,J,PS-J-I3-0.3,0.3,0.39,300,9/6/2024
PS,IF,K,PS-K-IF-0.3,0.3,0.39,1200,9/6/2024
PS,VVS1,K,PS-K-VVS1-0.3,0.3,0.39,1100,9/6/2024
PS,VVS2,K,PS-K-VVS2-0.3,0.3,0.39,1000,9/6/2024
PS,VS1,K,PS-K-VS1-0.3,0.3,0.39,900,9/6/2024
PS,VS2,K,PS-K-VS2-0.3,0.3,0.39,900,9/6/2024
PS,SI1,K,PS-K-SI1-0.3,0.3,0.39,800,9/6/2024
PS,SI2,K,PS-K-SI2-0.3,0.3,0.39,700,9/6/2024
PS,SI3,K,PS-K-SI3-0.3,0.3,0.39,700,9/6/2024
PS,I1,K,PS-K-I1-0.3,0.3,0.39,600,9/6/2024
PS,I2,K,PS-K-I2-0.3,0.3,0.39,500,9/6/2024
PS,I3,K,PS-K-I3-0.3,0.3,0.39,300,9/6/2024
PS,IF,L,PS-L-IF-0.3,0.3,0.39,1000,9/6/2024
PS,VVS1,L,PS-L-VVS1-0.3,0.3,0.39,900,9/6/2024
PS,VVS2,L,PS-L-VVS2-0.3,0.3,0.39,900,9/6/2024
PS,VS1,L,PS-L-VS1-0.3,0.3,0.39,800,9/6/2024
PS,VS2,L,PS-L-VS2-0.3,0.3,0.39,800,9/6/2024
PS,SI1,L,PS-L-SI1-0.3,0.3,0.39,800,9/6/2024
PS,SI2,L,PS-L-SI2-0.3,0.3,0.39,700,9/6/2024
PS,SI3,L,PS-L-SI3-0.3,0.3,0.39,600,9/6/2024
PS,I1,L,PS-L-I1-0.3,0.3,0.39,500,9/6/2024
PS,I2,L,PS-L-I2-0.3,0.3,0.39,400,9/6/2024
PS,I3,L,PS-L-I3-0.3,0.3,0.39,200,9/6/2024
PS,IF,M,PS-M-IF-0.3,0.3,0.39,900,9/6/2024
PS,VVS1,M,PS-M-VVS1-0.3,0.3,0.39,900,9/6/2024
PS,VVS2,M,PS-M-VVS2-0.3,0.3,0.39,900,9/6/2024
PS,VS1,M,PS-M-VS1-0.3,0.3,0.39,800,9/6/2024
PS,VS2,M,PS-M-VS2-0.3,0.3,0.39,800,9/6/2024
PS,SI1,M,PS-M-SI1-0.3,0.3,0.39,700,9/6/2024
PS,SI2,M,PS-M-SI2-0.3,0.3,0.39,600,9/6/2024
PS,SI3,M,PS-M-SI3-0.3,0.3,0.39,500,9/6/2024
PS,I1,M,PS-M-I1-0.3,0.3,0.39,400,9/6/2024
PS,I2,M,PS-M-I2-0.3,0.3,0.39,300,9/6/2024
PS,I3,M,PS-M-I3-0.3,0.3,0.39,200,9/6/2024
PS,IF,D,PS-D-IF-0.4,0.4,0.49,2900,9/6/2024
PS,VVS1,D,PS-D-VVS1-0.4,0.4,0.49,2600,9/6/2024
PS,VVS2,D,PS-D-VVS2-0.4,0.4,0.49,2400,9/6/2024
PS,VS1,D,PS-D-VS1-0.4,0.4,0.49,2200,9/6/2024
PS,VS2,D,PS-D-VS2-0.4,0.4,0.49,2000,9/6/2024
PS,SI1,D,PS-D-SI1-0.4,0.4,0.49,1800,9/6/2024
PS,SI2,D,PS-D-SI2-0.4,0.4,0.49,1600,9/6/2024
PS,SI3,D,PS-D-SI3-0.4,0.4,0.49,1400,9/6/2024
PS,I1,D,PS-D-I1-0.4,0.4,0.49,1200,9/6/2024
PS,I2,D,PS-D-I2-0.4,0.4,0.49,900,9/6/2024
PS,I3,D,PS-D-I3-0.4,0.4,0.49,700,9/6/2024
PS,IF,E,PS-E-IF-0.4,0.4,0.49,2700,9/6/2024
PS,VVS1,E,PS-E-VVS1-0.4,0.4,0.49,2400,9/6/2024
PS,VVS2,E,PS-E-VVS2-0.4,0.4,0.49,2200,9/6/2024
PS,VS1,E,PS-E-VS1-0.4,0.4,0.49,2000,9/6/2024
PS,VS2,E,PS-E-VS2-0.4,0.4,0.49,1900,9/6/2024
PS,SI1,E,PS-E-SI1-0.4,0.4,0.49,1700,9/6/2024
PS,SI2,E,PS-E-SI2-0.4,0.4,0.49,1500,9/6/2024
PS,SI3,E,PS-E-SI3-0.4,0.4,0.49,1300,9/6/2024
PS,I1,E,PS-E-I1-0.4,0.4,0.49,1100,9/6/2024
PS,I2,E,PS-E-I2-0.4,0.4,0.49,900,9/6/2024
PS,I3,E,PS-E-I3-0.4,0.4,0.49,600,9/6/2024
PS,IF,F,PS-F-IF-0.4,0.4,0.49,2500,9/6/2024
PS,VVS1,F,PS-F-VVS1-0.4,0.4,0.49,2300,9/6/2024
PS,VVS2,F,PS-F-VVS2-0.4,0.4,0.49,2100,9/6/2024
PS,VS1,F,PS-F-VS1-0.4,0.4,0.49,1900,9/6/2024
PS,VS2,F,PS-F-VS2-0.4,0.4,0.49,1800,9/6/2024
PS,SI1,F,PS-F-SI1-0.4,0.4,0.49,1600,9/6/2024
PS,SI2,F,PS-F-SI2-0.4,0.4,0.49,1400,9/6/2024
PS,SI3,F,PS-F-SI3-0.4,0.4,0.49,1200,9/6/2024
PS,I1,F,PS-F-I1-0.4,0.4,0.49,1000,9/6/2024
PS,I2,F,PS-F-I2-0.4,0.4,0.49,800,9/6/2024
PS,I3,F,PS-F-I3-0.4,0.4,0.49,500,9/6/2024
PS,IF,G,PS-G-IF-0.4,0.4,0.49,2300,9/6/2024
PS,VVS1,G,PS-G-VVS1-0.4,0.4,0.49,2100,9/6/2024
PS,VVS2,G,PS-G-VVS2-0.4,0.4,0.49,1900,9/6/2024
PS,VS1,G,PS-G-VS1-0.4,0.4,0.49,1800,9/6/2024
PS,VS2,G,PS-G-VS2-0.4,0.4,0.49,1700,9/6/2024
PS,SI1,G,PS-G-SI1-0.4,0.4,0.49,1500,9/6/2024
PS,SI2,G,PS-G-SI2-0.4,0.4,0.49,1300,9/6/2024
PS,SI3,G,PS-G-SI3-0.4,0.4,0.49,1100,9/6/2024
PS,I1,G,PS-G-I1-0.4,0.4,0.49,1000,9/6/2024
PS,I2,G,PS-G-I2-0.4,0.4,0.49,800,9/6/2024
PS,I3,G,PS-G-I3-0.4,0.4,0.49,500,9/6/2024
PS,IF,H,PS-H-IF-0.4,0.4,0.49,2100,9/6/2024
PS,VVS1,H,PS-H-VVS1-0.4,0.4,0.49,1900,9/6/2024
PS,VVS2,H,PS-H-VVS2-0.4,0.4,0.49,1800,9/6/2024
PS,VS1,H,PS-H-VS1-0.4,0.4,0.49,1700,9/6/2024
PS,VS2,H,PS-H-VS2-0.4,0.4,0.49,1600,9/6/2024
PS,SI1,H,PS-H-SI1-0.4,0.4,0.49,1400,9/6/2024
PS,SI2,H,PS-H-SI2-0.4,0.4,0.49,1200,9/6/2024
PS,SI3,H,PS-H-SI3-0.4,0.4,0.49,1000,9/6/2024
PS,I1,H,PS-H-I1-0.4,0.4,0.49,900,9/6/2024
PS,I2,H,PS-H-I2-0.4,0.4,0.49,700,9/6/2024
PS,I3,H,PS-H-I3-0.4,0.4,0.49,500,9/6/2024
PS,IF,I,PS-I-IF-0.4,0.4,0.49,1900,9/6/2024
PS,VVS1,I,PS-I-VVS1-0.4,0.4,0.49,1700,9/6/2024
PS,VVS2,I,PS-I-VVS2-0.4,0.4,0.49,1600,9/6/2024
PS,VS1,I,PS-I-VS1-0.4,0.4,0.49,1500,9/6/2024
PS,VS2,I,PS-I-VS2-0.4,0.4,0.49,1400,9/6/2024
PS,SI1,I,PS-I-SI1-0.4,0.4,0.49,1300,9/6/2024
PS,SI2,I,PS-I-SI2-0.4,0.4,0.49,1100,9/6/2024
PS,SI3,I,PS-I-SI3-0.4,0.4,0.49,1000,9/6/2024
PS,I1,I,PS-I-I1-0.4,0.4,0.49,800,9/6/2024
PS,I2,I,PS-I-I2-0.4,0.4,0.49,700,9/6/2024
PS,I3,I,PS-I-I3-0.4,0.4,0.49,400,9/6/2024
PS,IF,J,PS-J-IF-0.4,0.4,0.49,1600,9/6/2024
PS,VVS1,J,PS-J-VVS1-0.4,0.4,0.49,1500,9/6/2024
PS,VVS2,J,PS-J-VVS2-0.4,0.4,0.49,1400,9/6/2024
PS,VS1,J,PS-J-VS1-0.4,0.4,0.49,1300,9/6/2024
PS,VS2,J,PS-J-VS2-0.4,0.4,0.49,1300,9/6/2024
PS,SI1,J,PS-J-SI1-0.4,0.4,0.49,1200,9/6/2024
PS,SI2,J,PS-J-SI2-0.4,0.4,0.49,1100,9/6/2024
PS,SI3,J,PS-J-SI3-0.4,0.4,0.49,900,9/6/2024
PS,I1,J,PS-J-I1-0.4,0.4,0.49,700,9/6/2024
PS,I2,J,PS-J-I2-0.4,0.4,0.49,600,9/6/2024
PS,I3,J,PS-J-I3-0.4,0.4,0.49,400,9/6/2024
PS,IF,K,PS-K-IF-0.4,0.4,0.49,1400,9/6/2024
PS,VVS1,K,PS-K-VVS1-0.4,0.4,0.49,1300,9/6/2024
PS,VVS2,K,PS-K-VVS2-0.4,0.4,0.49,1200,9/6/2024
PS,VS1,K,PS-K-VS1-0.4,0.4,0.49,1100,9/6/2024
PS,VS2,K,PS-K-VS2-0.4,0.4,0.49,1100,9/6/2024
PS,SI1,K,PS-K-SI1-0.4,0.4,0.49,1000,9/6/2024
PS,SI2,K,PS-K-SI2-0.4,0.4,0.49,900,9/6/2024
PS,SI3,K,PS-K-SI3-0.4,0.4,0.49,800,9/6/2024
PS,I1,K,PS-K-I1-0.4,0.4,0.49,700,9/6/2024
PS,I2,K,PS-K-I2-0.4,0.4,0.49,600,9/6/2024
PS,I3,K,PS-K-I3-0.4,0.4,0.49,400,9/6/2024
PS,IF,L,PS-L-IF-0.4,0.4,0.49,1300,9/6/2024
PS,VVS1,L,PS-L-VVS1-0.4,0.4,0.49,1200,9/6/2024
PS,VVS2,L,PS-L-VVS2-0.4,0.4,0.49,1100,9/6/2024
PS,VS1,L,PS-L-VS1-0.4,0.4,0.49,1000,9/6/2024
PS,VS2,L,PS-L-VS2-0.4,0.4,0.49,1000,9/6/2024
PS,SI1,L,PS-L-SI1-0.4,0.4,0.49,900,9/6/2024
PS,SI2,L,PS-L-SI2-0.4,0.4,0.49,800,9/6/2024
PS,SI3,L,PS-L-SI3-0.4,0.4,0.49,700,9/6/2024
PS,I1,L,PS-L-I1-0.4,0.4,0.49,600,9/6/2024
PS,I2,L,PS-L-I2-0.4,0.4,0.49,500,9/6/2024
PS,I3,L,PS-L-I3-0.4,0.4,0.49,300,9/6/2024
PS,IF,M,PS-M-IF-0.4,0.4,0.49,1200,9/6/2024
PS,VVS1,M,PS-M-VVS1-0.4,0.4,0.49,1100,9/6/2024
PS,VVS2,M,PS-M-VVS2-0.4,0.4,0.49,1000,9/6/2024
PS,VS1,M,PS-M-VS1-0.4,0.4,0.49,900,9/6/2024
PS,VS2,M,PS-M-VS2-0.4,0.4,0.49,900,9/6/2024
PS,SI1,M,PS-M-SI1-0.4,0.4,0.49,800,9/6/2024
PS,SI2,M,PS-M-SI2-0.4,0.4,0.49,700,9/6/2024
PS,SI3,M,PS-M-SI3-0.4,0.4,0.49,600,9/6/2024
PS,I1,M,PS-M-I1-0.4,0.4,0.49,500,9/6/2024
PS,I2,M,PS-M-I2-0.4,0.4,0.49,400,9/6/2024
PS,I3,M,PS-M-I3-0.4,0.4,0.49,300,9/6/2024
PS,IF,D,PS-D-IF-0.5,0.5,0.69,3300,9/6/2024
PS,VVS1,D,PS-D-VVS1-0.5,0.5,0.69,3000,9/6/2024
PS,VVS2,D,PS-D-VVS2-0.5,0.5,0.69,2800,9/6/2024
PS,VS1,D,PS-D-VS1-0.5,0.5,0.69,2600,9/6/2024
PS,VS2,D,PS-D-VS2-0.5,0.5,0.69,2400,9/6/2024
PS,SI1,D,PS-D-SI1-0.5,0.5,0.69,2200,9/6/2024
PS,SI2,D,PS-D-SI2-0.5,0.5,0.69,2000,9/6/2024
PS,SI3,D,PS-D-SI3-0.5,0.5,0.69,1800,9/6/2024
PS,I1,D,PS-D-I1-0.5,0.5,0.69,1600,9/6/2024
PS,I2,D,PS-D-I2-0.5,0.5,0.69,1300,9/6/2024
PS,I3,D,PS-D-I3-0.5,0.5,0.69,900,9/6/2024
PS,IF,E,PS-E-IF-0.5,0.5,0.69,3000,9/6/2024
PS,VVS1,E,PS-E-VVS1-0.5,0.5,0.69,2800,9/6/2024
PS,VVS2,E,PS-E-VVS2-0.5,0.5,0.69,2600,9/6/2024
PS,VS1,E,PS-E-VS1-0.5,0.5,0.69,2500,9/6/2024
PS,VS2,E,PS-E-VS2-0.5,0.5,0.69,2300,9/6/2024
PS,SI1,E,PS-E-SI1-0.5,0.5,0.69,2100,9/6/2024
PS,SI2,E,PS-E-SI2-0.5,0.5,0.69,1800,9/6/2024
PS,SI3,E,PS-E-SI3-0.5,0.5,0.69,1700,9/6/2024
PS,I1,E,PS-E-I1-0.5,0.5,0.69,1500,9/6/2024
PS,I2,E,PS-E-I2-0.5,0.5,0.69,1200,9/6/2024
PS,I3,E,PS-E-I3-0.5,0.5,0.69,800,9/6/2024
PS,IF,F,PS-F-IF-0.5,0.5,0.69,2800,9/6/2024
PS,VVS1,F,PS-F-VVS1-0.5,0.5,0.69,2600,9/6/2024
PS,VVS2,F,PS-F-VVS2-0.5,0.5,0.69,2500,9/6/2024
PS,VS1,F,PS-F-VS1-0.5,0.5,0.69,2400,9/6/2024
PS,VS2,F,PS-F-VS2-0.5,0.5,0.69,2200,9/6/2024
PS,SI1,F,PS-F-SI1-0.5,0.5,0.69,2000,9/6/2024
PS,SI2,F,PS-F-SI2-0.5,0.5,0.69,1700,9/6/2024
PS,SI3,F,PS-F-SI3-0.5,0.5,0.69,1600,9/6/2024
PS,I1,F,PS-F-I1-0.5,0.5,0.69,1400,9/6/2024
PS,I2,F,PS-F-I2-0.5,0.5,0.69,1100,9/6/2024
PS,I3,F,PS-F-I3-0.5,0.5,0.69,700,9/6/2024
PS,IF,G,PS-G-IF-0.5,0.5,0.69,2600,9/6/2024
PS,VVS1,G,PS-G-VVS1-0.5,0.5,0.69,2400,9/6/2024
PS,VVS2,G,PS-G-VVS2-0.5,0.5,0.69,2300,9/6/2024
PS,VS1,G,PS-G-VS1-0.5,0.5,0.69,2200,9/6/2024
PS,VS2,G,PS-G-VS2-0.5,0.5,0.69,2100,9/6/2024
PS,SI1,G,PS-G-SI1-0.5,0.5,0.69,1900,9/6/2024
PS,SI2,G,PS-G-SI2-0.5,0.5,0.69,1600,9/6/2024
PS,SI3,G,PS-G-SI3-0.5,0.5,0.69,1500,9/6/2024
PS,I1,G,PS-G-I1-0.5,0.5,0.69,1300,9/6/2024
PS,I2,G,PS-G-I2-0.5,0.5,0.69,1000,9/6/2024
PS,I3,G,PS-G-I3-0.5,0.5,0.69,700,9/6/2024
PS,IF,H,PS-H-IF-0.5,0.5,0.69,2400,9/6/2024
PS,VVS1,H,PS-H-VVS1-0.5,0.5,0.69,2200,9/6/2024
PS,VVS2,H,PS-H-VVS2-0.5,0.5,0.69,2100,9/6/2024
PS,VS1,H,PS-H-VS1-0.5,0.5,0.69,2000,9/6/2024
PS,VS2,H,PS-H-VS2-0.5,0.5,0.69,1900,9/6/2024
PS,SI1,H,PS-H-SI1-0.5,0.5,0.69,1800,9/6/2024
PS,SI2,H,PS-H-SI2-0.5,0.5,0.69,1500,9/6/2024
PS,SI3,H,PS-H-SI3-0.5,0.5,0.69,1400,9/6/2024
PS,I1,H,PS-H-I1-0.5,0.5,0.69,1200,9/6/2024
PS,I2,H,PS-H-I2-0.5,0.5,0.69,900,9/6/2024
PS,I3,H,PS-H-I3-0.5,0.5,0.69,700,9/6/2024
PS,IF,I,PS-I-IF-0.5,0.5,0.69,2200,9/6/2024
PS,VVS1,I,PS-I-VVS1-0.5,0.5,0.69,2000,9/6/2024
PS,VVS2,I,PS-I-VVS2-0.5,0.5,0.69,1900,9/6/2024
PS,VS1,I,PS-I-VS1-0.5,0.5,0.69,1800,9/6/2024
PS,VS2,I,PS-I-VS2-0.5,0.5,0.69,1700,9/6/2024
PS,SI1,I,PS-I-SI1-0.5,0.5,0.69,1600,9/6/2024
PS,SI2,I,PS-I-SI2-0.5,0.5,0.69,1400,9/6/2024
PS,SI3,I,PS-I-SI3-0.5,0.5,0.69,1300,9/6/2024
PS,I1,I,PS-I-I1-0.5,0.5,0.69,1100,9/6/2024
PS,I2,I,PS-I-I2-0.5,0.5,0.69,900,9/6/2024
PS,I3,I,PS-I-I3-0.5,0.5,0.69,600,9/6/2024
PS,IF,J,PS-J-IF-0.5,0.5,0.69,1900,9/6/2024
PS,VVS1,J,PS-J-VVS1-0.5,0.5,0.69,1800,9/6/2024
PS,VVS2,J,PS-J-VVS2-0.5,0.5,0.69,1700,9/6/2024
PS,VS1,J,PS-J-VS1-0.5,0.5,0.69,1600,9/6/2024
PS,VS2,J,PS-J-VS2-0.5,0.5,0.69,1500,9/6/2024
PS,SI1,J,PS-J-SI1-0.5,0.5,0.69,1400,9/6/2024
PS,SI2,J,PS-J-SI2-0.5,0.5,0.69,1300,9/6/2024
PS,SI3,J,PS-J-SI3-0.5,0.5,0.69,1200,9/6/2024
PS,I1,J,PS-J-I1-0.5,0.5,0.69,1000,9/6/2024
PS,I2,J,PS-J-I2-0.5,0.5,0.69,800,9/6/2024
PS,I3,J,PS-J-I3-0.5,0.5,0.69,600,9/6/2024
PS,IF,K,PS-K-IF-0.5,0.5,0.69,1700,9/6/2024
PS,VVS1,K,PS-K-VVS1-0.5,0.5,0.69,1600,9/6/2024
PS,VVS2,K,PS-K-VVS2-0.5,0.5,0.69,1500,9/6/2024
PS,VS1,K,PS-K-VS1-0.5,0.5,0.69,1400,9/6/2024
PS,VS2,K,PS-K-VS2-0.5,0.5,0.69,1300,9/6/2024
PS,SI1,K,PS-K-SI1-0.5,0.5,0.69,1200,9/6/2024
PS,SI2,K,PS-K-SI2-0.5,0.5,0.69,1100,9/6/2024
PS,SI3,K,PS-K-SI3-0.5,0.5,0.69,1000,9/6/2024
PS,I1,K,PS-K-I1-0.5,0.5,0.69,900,9/6/2024
PS,I2,K,PS-K-I2-0.5,0.5,0.69,700,9/6/2024
PS,I3,K,PS-K-I3-0.5,0.5,0.69,600,9/6/2024
PS,IF,L,PS-L-IF-0.5,0.5,0.69,1500,9/6/2024
PS,VVS1,L,PS-L-VVS1-0.5,0.5,0.69,1400,9/6/2024
PS,VVS2,L,PS-L-VVS2-0.5,0.5,0.69,1300,9/6/2024
PS,VS1,L,PS-L-VS1-0.5,0.5,0.69,1200,9/6/2024
PS,VS2,L,PS-L-VS2-0.5,0.5,0.69,1100,9/6/2024
PS,SI1,L,PS-L-SI1-0.5,0.5,0.69,1100,9/6/2024
PS,SI2,L,PS-L-SI2-0.5,0.5,0.69,1000,9/6/2024
PS,SI3,L,PS-L-SI3-0.5,0.5,0.69,900,9/6/2024
PS,I1,L,PS-L-I1-0.5,0.5,0.69,800,9/6/2024
PS,I2,L,PS-L-I2-0.5,0.5,0.69,700,9/6/2024
PS,I3,L,PS-L-I3-0.5,0.5,0.69,500,9/6/2024
PS,IF,M,PS-M-IF-0.5,0.5,0.69,1400,9/6/2024
PS,VVS1,M,PS-M-VVS1-0.5,0.5,0.69,1300,9/6/2024
PS,VVS2,M,PS-M-VVS2-0.5,0.5,0.69,1200,9/6/2024
PS,VS1,M,PS-M-VS1-0.5,0.5,0.69,1100,9/6/2024
PS,VS2,M,PS-M-VS2-0.5,0.5,0.69,1000,9/6/2024
PS,SI1,M,PS-M-SI1-0.5,0.5,0.69,1000,9/6/2024
PS,SI2,M,PS-M-SI2-0.5,0.5,0.69,900,9/6/2024
PS,SI3,M,PS-M-SI3-0.5,0.5,0.69,800,9/6/2024
PS,I1,M,PS-M-I1-0.5,0.5,0.69,700,9/6/2024
PS,I2,M,PS-M-I2-0.5,0.5,0.69,600,9/6/2024
PS,I3,M,PS-M-I3-0.5,0.5,0.69,400,9/6/2024
PS,IF,D,PS-D-IF-0.7,0.7,0.89,4800,9/6/2024
PS,VVS1,D,PS-D-VVS1-0.7,0.7,0.89,4400,9/6/2024
PS,VVS2,D,PS-D-VVS2-0.7,0.7,0.89,4100,9/6/2024
PS,VS1,D,PS-D-VS1-0.7,0.7,0.89,3800,9/6/2024
PS,VS2,D,PS-D-VS2-0.7,0.7,0.89,3500,9/6/2024
PS,SI1,D,PS-D-SI1-0.7,0.7,0.89,2900,9/6/2024
PS,SI2,D,PS-D-SI2-0.7,0.7,0.89,2500,9/6/2024
PS,SI3,D,PS-D-SI3-0.7,0.7,0.89,2300,9/6/2024
PS,I1,D,PS-D-I1-0.7,0.7,0.89,2100,9/6/2024
PS,I2,D,PS-D-I2-0.7,0.7,0.89,1600,9/6/2024
PS,I3,D,PS-D-I3-0.7,0.7,0.89,1000,9/6/2024
PS,IF,E,PS-E-IF-0.7,0.7,0.89,4400,9/6/2024
PS,VVS1,E,PS-E-VVS1-0.7,0.7,0.89,4100,9/6/2024
PS,VVS2,E,PS-E-VVS2-0.7,0.7,0.89,3900,9/6/2024
PS,VS1,E,PS-E-VS1-0.7,0.7,0.89,3600,9/6/2024
PS,VS2,E,PS-E-VS2-0.7,0.7,0.89,3300,9/6/2024
PS,SI1,E,PS-E-SI1-0.7,0.7,0.89,2700,9/6/2024
PS,SI2,E,PS-E-SI2-0.7,0.7,0.89,2300,9/6/2024
PS,SI3,E,PS-E-SI3-0.7,0.7,0.89,2100,9/6/2024
PS,I1,E,PS-E-I1-0.7,0.7,0.89,1900,9/6/2024
PS,I2,E,PS-E-I2-0.7,0.7,0.89,1500,9/6/2024
PS,I3,E,PS-E-I3-0.7,0.7,0.89,900,9/6/2024
PS,IF,F,PS-F-IF-0.7,0.7,0.89,4100,9/6/2024
PS,VVS1,F,PS-F-VVS1-0.7,0.7,0.89,3900,9/6/2024
PS,VVS2,F,PS-F-VVS2-0.7,0.7,0.89,3700,9/6/2024
PS,VS1,F,PS-F-VS1-0.7,0.7,0.89,3400,9/6/2024
PS,VS2,F,PS-F-VS2-0.7,0.7,0.89,3100,9/6/2024
PS,SI1,F,PS-F-SI1-0.7,0.7,0.89,2500,9/6/2024
PS,SI2,F,PS-F-SI2-0.7,0.7,0.89,2100,9/6/2024
PS,SI3,F,PS-F-SI3-0.7,0.7,0.89,1900,9/6/2024
PS,I1,F,PS-F-I1-0.7,0.7,0.89,1700,9/6/2024
PS,I2,F,PS-F-I2-0.7,0.7,0.89,1400,9/6/2024
PS,I3,F,PS-F-I3-0.7,0.7,0.89,900,9/6/2024
PS,IF,G,PS-G-IF-0.7,0.7,0.89,3800,9/6/2024
PS,VVS1,G,PS-G-VVS1-0.7,0.7,0.89,3600,9/6/2024
PS,VVS2,G,PS-G-VVS2-0.7,0.7,0.89,3400,9/6/2024
PS,VS1,G,PS-G-VS1-0.7,0.7,0.89,3200,9/6/2024
PS,VS2,G,PS-G-VS2-0.7,0.7,0.89,2900,9/6/2024
PS,SI1,G,PS-G-SI1-0.7,0.7,0.89,2300,9/6/2024
PS,SI2,G,PS-G-SI2-0.7,0.7,0.89,1900,9/6/2024
PS,SI3,G,PS-G-SI3-0.7,0.7,0.89,1800,9/6/2024
PS,I1,G,PS-G-I1-0.7,0.7,0.89,1600,9/6/2024
PS,I2,G,PS-G-I2-0.7,0.7,0.89,1400,9/6/2024
PS,I3,G,PS-G-I3-0.7,0.7,0.89,800,9/6/2024
PS,IF,H,PS-H-IF-0.7,0.7,0.89,3500,9/6/2024
PS,VVS1,H,PS-H-VVS1-0.7,0.7,0.89,3300,9/6/2024
PS,VVS2,H,PS-H-VVS2-0.7,0.7,0.89,3100,9/6/2024
PS,VS1,H,PS-H-VS1-0.7,0.7,0.89,2900,9/6/2024
PS,VS2,H,PS-H-VS2-0.7,0.7,0.89,2600,9/6/2024
PS,SI1,H,PS-H-SI1-0.7,0.7,0.89,2200,9/6/2024
PS,SI2,H,PS-H-SI2-0.7,0.7,0.89,1800,9/6/2024
PS,SI3,H,PS-H-SI3-0.7,0.7,0.89,1700,9/6/2024
PS,I1,H,PS-H-I1-0.7,0.7,0.89,1500,9/6/2024
PS,I2,H,PS-H-I2-0.7,0.7,0.89,1300,9/6/2024
PS,I3,H,PS-H-I3-0.7,0.7,0.89,800,9/6/2024
PS,IF,I,PS-I-IF-0.7,0.7,0.89,3200,9/6/2024
PS,VVS1,I,PS-I-VVS1-0.7,0.7,0.89,3000,9/6/2024
PS,VVS2,I,PS-I-VVS2-0.7,0.7,0.89,2800,9/6/2024
PS,VS1,I,PS-I-VS1-0.7,0.7,0.89,2600,9/6/2024
PS,VS2,I,PS-I-VS2-0.7,0.7,0.89,2300,9/6/2024
PS,SI1,I,PS-I-SI1-0.7,0.7,0.89,2100,9/6/2024
PS,SI2,I,PS-I-SI2-0.7,0.7,0.89,1700,9/6/2024
PS,SI3,I,PS-I-SI3-0.7,0.7,0.89,1600,9/6/2024
PS,I1,I,PS-I-I1-0.7,0.7,0.89,1400,9/6/2024
PS,I2,I,PS-I-I2-0.7,0.7,0.89,1200,9/6/2024
PS,I3,I,PS-I-I3-0.7,0.7,0.89,800,9/6/2024
PS,IF,J,PS-J-IF-0.7,0.7,0.89,2700,9/6/2024
PS,VVS1,J,PS-J-VVS1-0.7,0.7,0.89,2600,9/6/2024
PS,VVS2,J,PS-J-VVS2-0.7,0.7,0.89,2400,9/6/2024
PS,VS1,J,PS-J-VS1-0.7,0.7,0.89,2200,9/6/2024
PS,VS2,J,PS-J-VS2-0.7,0.7,0.89,2000,9/6/2024
PS,SI1,J,PS-J-SI1-0.7,0.7,0.89,1800,9/6/2024
PS,SI2,J,PS-J-SI2-0.7,0.7,0.89,1600,9/6/2024
PS,SI3,J,PS-J-SI3-0.7,0.7,0.89,1500,9/6/2024
PS,I1,J,PS-J-I1-0.7,0.7,0.89,1300,9/6/2024
PS,I2,J,PS-J-I2-0.7,0.7,0.89,1100,9/6/2024
PS,I3,J,PS-J-I3-0.7,0.7,0.89,700,9/6/2024
PS,IF,K,PS-K-IF-0.7,0.7,0.89,2300,9/6/2024
PS,VVS1,K,PS-K-VVS1-0.7,0.7,0.89,2200,9/6/2024
PS,VVS2,K,PS-K-VVS2-0.7,0.7,0.89,2100,9/6/2024
PS,VS1,K,PS-K-VS1-0.7,0.7,0.89,1900,9/6/2024
PS,VS2,K,PS-K-VS2-0.7,0.7,0.89,1800,9/6/2024
PS,SI1,K,PS-K-SI1-0.7,0.7,0.89,1600,9/6/2024
PS,SI2,K,PS-K-SI2-0.7,0.7,0.89,1500,9/6/2024
PS,SI3,K,PS-K-SI3-0.7,0.7,0.89,1400,9/6/2024
PS,I1,K,PS-K-I1-0.7,0.7,0.89,1200,9/6/2024
PS,I2,K,PS-K-I2-0.7,0.7,0.89,1000,9/6/2024
PS,I3,K,PS-K-I3-0.7,0.7,0.89,700,9/6/2024
PS,IF,L,PS-L-IF-0.7,0.7,0.89,2100,9/6/2024
PS,VVS1,L,PS-L-VVS1-0.7,0.7,0.89,2000,9/6/2024
PS,VVS2,L,PS-L-VVS2-0.7,0.7,0.89,1900,9/6/2024
PS,VS1,L,PS-L-VS1-0.7,0.7,0.89,1700,9/6/2024
PS,VS2,L,PS-L-VS2-0.7,0.7,0.89,1600,9/6/2024
PS,SI1,L,PS-L-SI1-0.7,0.7,0.89,1500,9/6/2024
PS,SI2,L,PS-L-SI2-0.7,0.7,0.89,1400,9/6/2024
PS,SI3,L,PS-L-SI3-0.7,0.7,0.89,1300,9/6/2024
PS,I1,L,PS-L-I1-0.7,0.7,0.89,1100,9/6/2024
PS,I2,L,PS-L-I2-0.7,0.7,0.89,800,9/6/2024
PS,I3,L,PS-L-I3-0.7,0.7,0.89,600,9/6/2024
PS,IF,M,PS-M-IF-0.7,0.7,0.89,1900,9/6/2024
PS,VVS1,M,PS-M-VVS1-0.7,0.7,0.89,1800,9/6/2024
PS,VVS2,M,PS-M-VVS2-0.7,0.7,0.89,1700,9/6/2024
PS,VS1,M,PS-M-VS1-0.7,0.7,0.89,1500,9/6/2024
PS,VS2,M,PS-M-VS2-0.7,0.7,0.89,1400,9/6/2024
PS,SI1,M,PS-M-SI1-0.7,0.7,0.89,1300,9/6/2024
PS,SI2,M,PS-M-SI2-0.7,0.7,0.89,1200,9/6/2024
PS,SI3,M,PS-M-SI3-0.7,0.7,0.89,1100,9/6/2024
PS,I1,M,PS-M-I1-0.7,0.7,0.89,900,9/6/2024
PS,I2,M,PS-M-I2-0.7,0.7,0.89,700,9/6/2024
PS,I3,M,PS-M-I3-0.7,0.7,0.89,500,9/6/2024
PS,IF,D,PS-D-IF-0.9,0.9,0.99,7100,9/6/2024
PS,VVS1,D,PS-D-VVS1-0.9,0.9,0.99,6500,9/6/2024
PS,VVS2,D,PS-D-VVS2-0.9,0.9,0.99,5800,9/6/2024
PS,VS1,D,PS-D-VS1-0.9,0.9,0.99,5400,9/6/2024
PS,VS2,D,PS-D-VS2-0.9,0.9,0.99,4500,9/6/2024
PS,SI1,D,PS-D-SI1-0.9,0.9,0.99,3800,9/6/2024
PS,SI2,D,PS-D-SI2-0.9,0.9,0.99,3400,9/6/2024
PS,SI3,D,PS-D-SI3-0.9,0.9,0.99,3100,9/6/2024
PS,I1,D,PS-D-I1-0.9,0.9,0.99,2500,9/6/2024
PS,I2,D,PS-D-I2-0.9,0.9,0.99,1800,9/6/2024
PS,I3,D,PS-D-I3-0.9,0.9,0.99,1100,9/6/2024
PS,IF,E,PS-E-IF-0.9,0.9,0.99,6400,9/6/2024
PS,VVS1,E,PS-E-VVS1-0.9,0.9,0.99,5900,9/6/2024
PS,VVS2,E,PS-E-VVS2-0.9,0.9,0.99,5400,9/6/2024
PS,VS1,E,PS-E-VS1-0.9,0.9,0.99,5000,9/6/2024
PS,VS2,E,PS-E-VS2-0.9,0.9,0.99,4300,9/6/2024
PS,SI1,E,PS-E-SI1-0.9,0.9,0.99,3600,9/6/2024
PS,SI2,E,PS-E-SI2-0.9,0.9,0.99,3200,9/6/2024
PS,SI3,E,PS-E-SI3-0.9,0.9,0.99,2900,9/6/2024
PS,I1,E,PS-E-I1-0.9,0.9,0.99,2400,9/6/2024
PS,I2,E,PS-E-I2-0.9,0.9,0.99,1700,9/6/2024
PS,I3,E,PS-E-I3-0.9,0.9,0.99,1000,9/6/2024
PS,IF,F,PS-F-IF-0.9,0.9,0.99,5700,9/6/2024
PS,VVS1,F,PS-F-VVS1-0.9,0.9,0.99,5400,9/6/2024
PS,VVS2,F,PS-F-VVS2-0.9,0.9,0.99,5100,9/6/2024
PS,VS1,F,PS-F-VS1-0.9,0.9,0.99,4700,9/6/2024
PS,VS2,F,PS-F-VS2-0.9,0.9,0.99,4100,9/6/2024
PS,SI1,F,PS-F-SI1-0.9,0.9,0.99,3400,9/6/2024
PS,SI2,F,PS-F-SI2-0.9,0.9,0.99,3000,9/6/2024
PS,SI3,F,PS-F-SI3-0.9,0.9,0.99,2700,9/6/2024
PS,I1,F,PS-F-I1-0.9,0.9,0.99,2300,9/6/2024
PS,I2,F,PS-F-I2-0.9,0.9,0.99,1600,9/6/2024
PS,I3,F,PS-F-I3-0.9,0.9,0.99,1000,9/6/2024
PS,IF,G,PS-G-IF-0.9,0.9,0.99,5300,9/6/2024
PS,VVS1,G,PS-G-VVS1-0.9,0.9,0.99,5000,9/6/2024
PS,VVS2,G,PS-G-VVS2-0.9,0.9,0.99,4700,9/6/2024
PS,VS1,G,PS-G-VS1-0.9,0.9,0.99,4400,9/6/2024
PS,VS2,G,PS-G-VS2-0.9,0.9,0.99,3900,9/6/2024
PS,SI1,G,PS-G-SI1-0.9,0.9,0.99,3300,9/6/2024
PS,SI2,G,PS-G-SI2-0.9,0.9,0.99,2800,9/6/2024
PS,SI3,G,PS-G-SI3-0.9,0.9,0.99,2500,9/6/2024
PS,I1,G,PS-G-I1-0.9,0.9,0.99,2200,9/6/2024
PS,I2,G,PS-G-I2-0.9,0.9,0.99,1600,9/6/2024
PS,I3,G,PS-G-I3-0.9,0.9,0.99,900,9/6/2024
PS,IF,H,PS-H-IF-0.9,0.9,0.99,4900,9/6/2024
PS,VVS1,H,PS-H-VVS1-0.9,0.9,0.99,4600,9/6/2024
PS,VVS2,H,PS-H-VVS2-0.9,0.9,0.99,4300,9/6/2024
PS,VS1,H,PS-H-VS1-0.9,0.9,0.99,4000,9/6/2024
PS,VS2,H,PS-H-VS2-0.9,0.9,0.99,3600,9/6/2024
PS,SI1,H,PS-H-SI1-0.9,0.9,0.99,3100,9/6/2024
PS,SI2,H,PS-H-SI2-0.9,0.9,0.99,2600,9/6/2024
PS,SI3,H,PS-H-SI3-0.9,0.9,0.99,2300,9/6/2024
PS,I1,H,PS-H-I1-0.9,0.9,0.99,2100,9/6/2024
PS,I2,H,PS-H-I2-0.9,0.9,0.99,1500,9/6/2024
PS,I3,H,PS-H-I3-0.9,0.9,0.99,900,9/6/2024
PS,IF,I,PS-I-IF-0.9,0.9,0.99,4200,9/6/2024
PS,VVS1,I,PS-I-VVS1-0.9,0.9,0.99,4000,9/6/2024
PS,VVS2,I,PS-I-VVS2-0.9,0.9,0.99,3800,9/6/2024
PS,VS1,I,PS-I-VS1-0.9,0.9,0.99,3500,9/6/2024
PS,VS2,I,PS-I-VS2-0.9,0.9,0.99,3200,9/6/2024
PS,SI1,I,PS-I-SI1-0.9,0.9,0.99,2800,9/6/2024
PS,SI2,I,PS-I-SI2-0.9,0.9,0.99,2400,9/6/2024
PS,SI3,I,PS-I-SI3-0.9,0.9,0.99,2200,9/6/2024
PS,I1,I,PS-I-I1-0.9,0.9,0.99,2000,9/6/2024
PS,I2,I,PS-I-I2-0.9,0.9,0.99,1400,9/6/2024
PS,I3,I,PS-I-I3-0.9,0.9,0.99,900,9/6/2024
PS,IF,J,PS-J-IF-0.9,0.9,0.99,3700,9/6/2024
PS,VVS1,J,PS-J-VVS1-0.9,0.9,0.99,3500,9/6/2024
PS,VVS2,J,PS-J-VVS2-0.9,0.9,0.99,3300,9/6/2024
PS,VS1,J,PS-J-VS1-0.9,0.9,0.99,3100,9/6/2024
PS,VS2,J,PS-J-VS2-0.9,0.9,0.99,2800,9/6/2024
PS,SI1,J,PS-J-SI1-0.9,0.9,0.99,2500,9/6/2024
PS,SI2,J,PS-J-SI2-0.9,0.9,0.99,2200,9/6/2024
PS,SI3,J,PS-J-SI3-0.9,0.9,0.99,2000,9/6/2024
PS,I1,J,PS-J-I1-0.9,0.9,0.99,1800,9/6/2024
PS,I2,J,PS-J-I2-0.9,0.9,0.99,1300,9/6/2024
PS,I3,J,PS-J-I3-0.9,0.9,0.99,800,9/6/2024
PS,IF,K,PS-K-IF-0.9,0.9,0.99,3100,9/6/2024
PS,VVS1,K,PS-K-VVS1-0.9,0.9,0.99,2900,9/6/2024
PS,VVS2,K,PS-K-VVS2-0.9,0.9,0.99,2700,9/6/2024
PS,VS1,K,PS-K-VS1-0.9,0.9,0.99,2600,9/6/2024
PS,VS2,K,PS-K-VS2-0.9,0.9,0.99,2400,9/6/2024
PS,SI1,K,PS-K-SI1-0.9,0.9,0.99,2200,9/6/2024
PS,SI2,K,PS-K-SI2-0.9,0.9,0.99,2000,9/6/2024
PS,SI3,K,PS-K-SI3-0.9,0.9,0.99,1800,9/6/2024
PS,I1,K,PS-K-I1-0.9,0.9,0.99,1500,9/6/2024
PS,I2,K,PS-K-I2-0.9,0.9,0.99,1200,9/6/2024
PS,I3,K,PS-K-I3-0.9,0.9,0.99,800,9/6/2024
PS,IF,L,PS-L-IF-0.9,0.9,0.99,2500,9/6/2024
PS,VVS1,L,PS-L-VVS1-0.9,0.9,0.99,2400,9/6/2024
PS,VVS2,L,PS-L-VVS2-0.9,0.9,0.99,2300,9/6/2024
PS,VS1,L,PS-L-VS1-0.9,0.9,0.99,2100,9/6/2024
PS,VS2,L,PS-L-VS2-0.9,0.9,0.99,2000,9/6/2024
PS,SI1,L,PS-L-SI1-0.9,0.9,0.99,1900,9/6/2024
PS,SI2,L,PS-L-SI2-0.9,0.9,0.99,1700,9/6/2024
PS,SI3,L,PS-L-SI3-0.9,0.9,0.99,1600,9/6/2024
PS,I1,L,PS-L-I1-0.9,0.9,0.99,1300,9/6/2024
PS,I2,L,PS-L-I2-0.9,0.9,0.99,1000,9/6/2024
PS,I3,L,PS-L-I3-0.9,0.9,0.99,700,9/6/2024
PS,IF,M,PS-M-IF-0.9,0.9,0.99,2100,9/6/2024
PS,VVS1,M,PS-M-VVS1-0.9,0.9,0.99,2000,9/6/2024
PS,VVS2,M,PS-M-VVS2-0.9,0.9,0.99,1900,9/6/2024
PS,VS1,M,PS-M-VS1-0.9,0.9,0.99,1700,9/6/2024
PS,VS2,M,PS-M-VS2-0.9,0.9,0.99,1600,9/6/2024
PS,SI1,M,PS-M-SI1-0.9,0.9,0.99,1500,9/6/2024
PS,SI2,M,PS-M-SI2-0.9,0.9,0.99,1400,9/6/2024
PS,SI3,M,PS-M-SI3-0.9,0.9,0.99,1300,9/6/2024
PS,I1,M,PS-M-I1-0.9,0.9,0.99,1100,9/6/2024
PS,I2,M,PS-M-I2-0.9,0.9,0.99,900,9/6/2024
PS,I3,M,PS-M-I3-0.9,0.9,0.99,700,9/6/2024
PS,IF,D,PS-D-IF-1,1,1.49,10100,9/6/2024
PS,VVS1,D,PS-D-VVS1-1,1,1.49,8600,9/6/2024
PS,VVS2,D,PS-D-VVS2-1,1,1.49,7900,9/6/2024
PS,VS1,D,PS-D-VS1-1,1,1.49,7000,9/6/2024
PS,VS2,D,PS-D-VS2-1,1,1.49,6000,9/6/2024
PS,SI1,D,PS-D-SI1-1,1,1.49,4900,9/6/2024
PS,SI2,D,PS-D-SI2-1,1,1.49,4000,9/6/2024
PS,SI3,D,PS-D-SI3-1,1,1.49,3600,9/6/2024
PS,I1,D,PS-D-I1-1,1,1.49,3200,9/6/2024
PS,I2,D,PS-D-I2-1,1,1.49,2100,9/6/2024
PS,I3,D,PS-D-I3-1,1,1.49,1300,9/6/2024
PS,IF,E,PS-E-IF-1,1,1.49,8600,9/6/2024
PS,VVS1,E,PS-E-VVS1-1,1,1.49,7900,9/6/2024
PS,VVS2,E,PS-E-VVS2-1,1,1.49,7200,9/6/2024
PS,VS1,E,PS-E-VS1-1,1,1.49,6500,9/6/2024
PS,VS2,E,PS-E-VS2-1,1,1.49,5700,9/6/2024
PS,SI1,E,PS-E-SI1-1,1,1.49,4600,9/6/2024
PS,SI2,E,PS-E-SI2-1,1,1.49,3800,9/6/2024
PS,SI3,E,PS-E-SI3-1,1,1.49,3400,9/6/2024
PS,I1,E,PS-E-I1-1,1,1.49,3000,9/6/2024
PS,I2,E,PS-E-I2-1,1,1.49,2000,9/6/2024
PS,I3,E,PS-E-I3-1,1,1.49,1200,9/6/2024
PS,IF,F,PS-F-IF-1,1,1.49,7900,9/6/2024
PS,VVS1,F,PS-F-VVS1-1,1,1.49,7100,9/6/2024
PS,VVS2,F,PS-F-VVS2-1,1,1.49,6700,9/6/2024
PS,VS1,F,PS-F-VS1-1,1,1.49,6100,9/6/2024
PS,VS2,F,PS-F-VS2-1,1,1.49,5400,9/6/2024
PS,SI1,F,PS-F-SI1-1,1,1.49,4300,9/6/2024
PS,SI2,F,PS-F-SI2-1,1,1.49,3600,9/6/2024
PS,SI3,F,PS-F-SI3-1,1,1.49,3200,9/6/2024
PS,I1,F,PS-F-I1-1,1,1.49,2900,9/6/2024
PS,I2,F,PS-F-I2-1,1,1.49,2000,9/6/2024
PS,I3,F,PS-F-I3-1,1,1.49,1100,9/6/2024
PS,IF,G,PS-G-IF-1,1,1.49,6900,9/6/2024
PS,VVS1,G,PS-G-VVS1-1,1,1.49,6500,9/6/2024
PS,VVS2,G,PS-G-VVS2-1,1,1.49,6000,9/6/2024
PS,VS1,G,PS-G-VS1-1,1,1.49,5600,9/6/2024
PS,VS2,G,PS-G-VS2-1,1,1.49,5100,9/6/2024
PS,SI1,G,PS-G-SI1-1,1,1.49,4000,9/6/2024
PS,SI2,G,PS-G-SI2-1,1,1.49,3400,9/6/2024
PS,SI3,G,PS-G-SI3-1,1,1.49,3000,9/6/2024
PS,I1,G,PS-G-I1-1,1,1.49,2700,9/6/2024
PS,I2,G,PS-G-I2-1,1,1.49,1900,9/6/2024
PS,I3,G,PS-G-I3-1,1,1.49,1000,9/6/2024
PS,IF,H,PS-H-IF-1,1,1.49,5700,9/6/2024
PS,VVS1,H,PS-H-VVS1-1,1,1.49,5400,9/6/2024
PS,VVS2,H,PS-H-VVS2-1,1,1.49,5100,9/6/2024
PS,VS1,H,PS-H-VS1-1,1,1.49,4800,9/6/2024
PS,VS2,H,PS-H-VS2-1,1,1.49,4400,9/6/2024
PS,SI1,H,PS-H-SI1-1,1,1.49,3700,9/6/2024
PS,SI2,H,PS-H-SI2-1,1,1.49,3200,9/6/2024
PS,SI3,H,PS-H-SI3-1,1,1.49,2800,9/6/2024
PS,I1,H,PS-H-I1-1,1,1.49,2500,9/6/2024
PS,I2,H,PS-H-I2-1,1,1.49,1800,9/6/2024
PS,I3,H,PS-H-I3-1,1,1.49,1000,9/6/2024
PS,IF,I,PS-I-IF-1,1,1.49,4900,9/6/2024
PS,VVS1,I,PS-I-VVS1-1,1,1.49,4600,9/6/2024
PS,VVS2,I,PS-I-VVS2-1,1,1.49,4300,9/6/2024
PS,VS1,I,PS-I-VS1-1,1,1.49,4000,9/6/2024
PS,VS2,I,PS-I-VS2-1,1,1.49,3700,9/6/2024
PS,SI1,I,PS-I-SI1-1,1,1.49,3300,9/6/2024
PS,SI2,I,PS-I-SI2-1,1,1.49,2900,9/6/2024
PS,SI3,I,PS-I-SI3-1,1,1.49,2500,9/6/2024
PS,I1,I,PS-I-I1-1,1,1.49,2300,9/6/2024
PS,I2,I,PS-I-I2-1,1,1.49,1700,9/6/2024
PS,I3,I,PS-I-I3-1,1,1.49,1000,9/6/2024
PS,IF,J,PS-J-IF-1,1,1.49,4200,9/6/2024
PS,VVS1,J,PS-J-VVS1-1,1,1.49,4000,9/6/2024
PS,VVS2,J,PS-J-VVS2-1,1,1.49,3800,9/6/2024
PS,VS1,J,PS-J-VS1-1,1,1.49,3500,9/6/2024
PS,VS2,J,PS-J-VS2-1,1,1.49,3300,9/6/2024
PS,SI1,J,PS-J-SI1-1,1,1.49,3000,9/6/2024
PS,SI2,J,PS-J-SI2-1,1,1.49,2600,9/6/2024
PS,SI3,J,PS-J-SI3-1,1,1.49,2300,9/6/2024
PS,I1,J,PS-J-I1-1,1,1.49,2000,9/6/2024
PS,I2,J,PS-J-I2-1,1,1.49,1500,9/6/2024
PS,I3,J,PS-J-I3-1,1,1.49,900,9/6/2024
PS,IF,K,PS-K-IF-1,1,1.49,3500,9/6/2024
PS,VVS1,K,PS-K-VVS1-1,1,1.49,3300,9/6/2024
PS,VVS2,K,PS-K-VVS2-1,1,1.49,3100,9/6/2024
PS,VS1,K,PS-K-VS1-1,1,1.49,2900,9/6/2024
PS,VS2,K,PS-K-VS2-1,1,1.49,2700,9/6/2024
PS,SI1,K,PS-K-SI1-1,1,1.49,2500,9/6/2024
PS,SI2,K,PS-K-SI2-1,1,1.49,2300,9/6/2024
PS,SI3,K,PS-K-SI3-1,1,1.49,2000,9/6/2024
PS,I1,K,PS-K-I1-1,1,1.49,1800,9/6/2024
PS,I2,K,PS-K-I2-1,1,1.49,1400,9/6/2024
PS,I3,K,PS-K-I3-1,1,1.49,900,9/6/2024
PS,IF,L,PS-L-IF-1,1,1.49,3000,9/6/2024
PS,VVS1,L,PS-L-VVS1-1,1,1.49,2800,9/6/2024
PS,VVS2,L,PS-L-VVS2-1,1,1.49,2600,9/6/2024
PS,VS1,L,PS-L-VS1-1,1,1.49,2400,9/6/2024
PS,VS2,L,PS-L-VS2-1,1,1.49,2300,9/6/2024
PS,SI1,L,PS-L-SI1-1,1,1.49,2100,9/6/2024
PS,SI2,L,PS-L-SI2-1,1,1.49,2000,9/6/2024
PS,SI3,L,PS-L-SI3-1,1,1.49,1900,9/6/2024
PS,I1,L,PS-L-I1-1,1,1.49,1700,9/6/2024
PS,I2,L,PS-L-I2-1,1,1.49,1200,9/6/2024
PS,I3,L,PS-L-I3-1,1,1.49,900,9/6/2024
PS,IF,M,PS-M-IF-1,1,1.49,2600,9/6/2024
PS,VVS1,M,PS-M-VVS1-1,1,1.49,2400,9/6/2024
PS,VVS2,M,PS-M-VVS2-1,1,1.49,2200,9/6/2024
PS,VS1,M,PS-M-VS1-1,1,1.49,2100,9/6/2024
PS,VS2,M,PS-M-VS2-1,1,1.49,2000,9/6/2024
PS,SI1,M,PS-M-SI1-1,1,1.49,1900,9/6/2024
PS,SI2,M,PS-M-SI2-1,1,1.49,1800,9/6/2024
PS,SI3,M,PS-M-SI3-1,1,1.49,1700,9/6/2024
PS,I1,M,PS-M-I1-1,1,1.49,1400,9/6/2024
PS,I2,M,PS-M-I2-1,1,1.49,1000,9/6/2024
PS,I3,M,PS-M-I3-1,1,1.49,800,9/6/2024
PS,IF,D,PS-D-IF-1.5,1.5,1.99,15100,9/6/2024
PS,VVS1,D,PS-D-VVS1-1.5,1.5,1.99,14000,9/6/2024
PS,VVS2,D,PS-D-VVS2-1.5,1.5,1.99,12900,9/6/2024
PS,VS1,D,PS-D-VS1-1.5,1.5,1.99,11600,9/6/2024
PS,VS2,D,PS-D-VS2-1.5,1.5,1.99,9900,9/6/2024
PS,SI1,D,PS-D-SI1-1.5,1.5,1.99,8100,9/6/2024
PS,SI2,D,PS-D-SI2-1.5,1.5,1.99,6700,9/6/2024
PS,SI3,D,PS-D-SI3-1.5,1.5,1.99,5900,9/6/2024
PS,I1,D,PS-D-I1-1.5,1.5,1.99,5100,9/6/2024
PS,I2,D,PS-D-I2-1.5,1.5,1.99,2700,9/6/2024
PS,I3,D,PS-D-I3-1.5,1.5,1.99,1500,9/6/2024
PS,IF,E,PS-E-IF-1.5,1.5,1.99,14000,9/6/2024
PS,VVS1,E,PS-E-VVS1-1.5,1.5,1.99,12800,9/6/2024
PS,VVS2,E,PS-E-VVS2-1.5,1.5,1.99,11600,9/6/2024
PS,VS1,E,PS-E-VS1-1.5,1.5,1.99,10800,9/6/2024
PS,VS2,E,PS-E-VS2-1.5,1.5,1.99,9300,9/6/2024
PS,SI1,E,PS-E-SI1-1.5,1.5,1.99,7600,9/6/2024
PS,SI2,E,PS-E-SI2-1.5,1.5,1.99,6300,9/6/2024
PS,SI3,E,PS-E-SI3-1.5,1.5,1.99,5500,9/6/2024
PS,I1,E,PS-E-I1-1.5,1.5,1.99,4800,9/6/2024
PS,I2,E,PS-E-I2-1.5,1.5,1.99,2600,9/6/2024
PS,I3,E,PS-E-I3-1.5,1.5,1.99,1400,9/6/2024
PS,IF,F,PS-F-IF-1.5,1.5,1.99,12300,9/6/2024
PS,VVS1,F,PS-F-VVS1-1.5,1.5,1.99,11500,9/6/2024
PS,VVS2,F,PS-F-VVS2-1.5,1.5,1.99,10800,9/6/2024
PS,VS1,F,PS-F-VS1-1.5,1.5,1.99,10200,9/6/2024
PS,VS2,F,PS-F-VS2-1.5,1.5,1.99,8800,9/6/2024
PS,SI1,F,PS-F-SI1-1.5,1.5,1.99,7200,9/6/2024
PS,SI2,F,PS-F-SI2-1.5,1.5,1.99,6000,9/6/2024
PS,SI3,F,PS-F-SI3-1.5,1.5,1.99,5100,9/6/2024
PS,I1,F,PS-F-I1-1.5,1.5,1.99,4500,9/6/2024
PS,I2,F,PS-F-I2-1.5,1.5,1.99,2500,9/6/2024
PS,I3,F,PS-F-I3-1.5,1.5,1.99,1300,9/6/2024
PS,IF,G,PS-G-IF-1.5,1.5,1.99,10900,9/6/2024
PS,VVS1,G,PS-G-VVS1-1.5,1.5,1.99,10500,9/6/2024
PS,VVS2,G,PS-G-VVS2-1.5,1.5,1.99,10000,9/6/2024
PS,VS1,G,PS-G-VS1-1.5,1.5,1.99,9300,9/6/2024
PS,VS2,G,PS-G-VS2-1.5,1.5,1.99,8200,9/6/2024
PS,SI1,G,PS-G-SI1-1.5,1.5,1.99,6700,9/6/2024
PS,SI2,G,PS-G-SI2-1.5,1.5,1.99,5600,9/6/2024
PS,SI3,G,PS-G-SI3-1.5,1.5,1.99,4800,9/6/2024
PS,I1,G,PS-G-I1-1.5,1.5,1.99,4200,9/6/2024
PS,I2,G,PS-G-I2-1.5,1.5,1.99,2400,9/6/2024
PS,I3,G,PS-G-I3-1.5,1.5,1.99,1200,9/6/2024
PS,IF,H,PS-H-IF-1.5,1.5,1.99,9200,9/6/2024
PS,VVS1,H,PS-H-VVS1-1.5,1.5,1.99,8800,9/6/2024
PS,VVS2,H,PS-H-VVS2-1.5,1.5,1.99,8400,9/6/2024
PS,VS1,H,PS-H-VS1-1.5,1.5,1.99,7900,9/6/2024
PS,VS2,H,PS-H-VS2-1.5,1.5,1.99,7100,9/6/2024
PS,SI1,H,PS-H-SI1-1.5,1.5,1.99,6200,9/6/2024
PS,SI2,H,PS-H-SI2-1.5,1.5,1.99,5200,9/6/2024
PS,SI3,H,PS-H-SI3-1.5,1.5,1.99,4500,9/6/2024
PS,I1,H,PS-H-I1-1.5,1.5,1.99,3900,9/6/2024
PS,I2,H,PS-H-I2-1.5,1.5,1.99,2300,9/6/2024
PS,I3,H,PS-H-I3-1.5,1.5,1.99,1100,9/6/2024
PS,IF,I,PS-I-IF-1.5,1.5,1.99,7900,9/6/2024
PS,VVS1,I,PS-I-VVS1-1.5,1.5,1.99,7500,9/6/2024
PS,VVS2,I,PS-I-VVS2-1.5,1.5,1.99,7200,9/6/2024
PS,VS1,I,PS-I-VS1-1.5,1.5,1.99,6800,9/6/2024
PS,VS2,I,PS-I-VS2-1.5,1.5,1.99,6300,9/6/2024
PS,SI1,I,PS-I-SI1-1.5,1.5,1.99,5600,9/6/2024
PS,SI2,I,PS-I-SI2-1.5,1.5,1.99,4800,9/6/2024
PS,SI3,I,PS-I-SI3-1.5,1.5,1.99,4200,9/6/2024
PS,I1,I,PS-I-I1-1.5,1.5,1.99,3600,9/6/2024
PS,I2,I,PS-I-I2-1.5,1.5,1.99,2200,9/6/2024
PS,I3,I,PS-I-I3-1.5,1.5,1.99,1100,9/6/2024
PS,IF,J,PS-J-IF-1.5,1.5,1.99,6400,9/6/2024
PS,VVS1,J,PS-J-VVS1-1.5,1.5,1.99,6100,9/6/2024
PS,VVS2,J,PS-J-VVS2-1.5,1.5,1.99,5800,9/6/2024
PS,VS1,J,PS-J-VS1-1.5,1.5,1.99,5500,9/6/2024
PS,VS2,J,PS-J-VS2-1.5,1.5,1.99,5200,9/6/2024
PS,SI1,J,PS-J-SI1-1.5,1.5,1.99,4800,9/6/2024
PS,SI2,J,PS-J-SI2-1.5,1.5,1.99,4400,9/6/2024
PS,SI3,J,PS-J-SI3-1.5,1.5,1.99,3800,9/6/2024
PS,I1,J,PS-J-I1-1.5,1.5,1.99,3300,9/6/2024
PS,I2,J,PS-J-I2-1.5,1.5,1.99,2000,9/6/2024
PS,I3,J,PS-J-I3-1.5,1.5,1.99,1100,9/6/2024
PS,IF,K,PS-K-IF-1.5,1.5,1.99,5100,9/6/2024
PS,VVS1,K,PS-K-VVS1-1.5,1.5,1.99,4900,9/6/2024
PS,VVS2,K,PS-K-VVS2-1.5,1.5,1.99,4700,9/6/2024
PS,VS1,K,PS-K-VS1-1.5,1.5,1.99,4500,9/6/2024
PS,VS2,K,PS-K-VS2-1.5,1.5,1.99,4300,9/6/2024
PS,SI1,K,PS-K-SI1-1.5,1.5,1.99,4000,9/6/2024
PS,SI2,K,PS-K-SI2-1.5,1.5,1.99,3800,9/6/2024
PS,SI3,K,PS-K-SI3-1.5,1.5,1.99,3400,9/6/2024
PS,I1,K,PS-K-I1-1.5,1.5,1.99,3000,9/6/2024
PS,I2,K,PS-K-I2-1.5,1.5,1.99,1800,9/6/2024
PS,I3,K,PS-K-I3-1.5,1.5,1.99,1000,9/6/2024
PS,IF,L,PS-L-IF-1.5,1.5,1.99,4300,9/6/2024
PS,VVS1,L,PS-L-VVS1-1.5,1.5,1.99,4100,9/6/2024
PS,VVS2,L,PS-L-VVS2-1.5,1.5,1.99,3900,9/6/2024
PS,VS1,L,PS-L-VS1-1.5,1.5,1.99,3700,9/6/2024
PS,VS2,L,PS-L-VS2-1.5,1.5,1.99,3500,9/6/2024
PS,SI1,L,PS-L-SI1-1.5,1.5,1.99,3300,9/6/2024
PS,SI2,L,PS-L-SI2-1.5,1.5,1.99,3100,9/6/2024
PS,SI3,L,PS-L-SI3-1.5,1.5,1.99,2900,9/6/2024
PS,I1,L,PS-L-I1-1.5,1.5,1.99,2700,9/6/2024
PS,I2,L,PS-L-I2-1.5,1.5,1.99,1600,9/6/2024
PS,I3,L,PS-L-I3-1.5,1.5,1.99,1000,9/6/2024
PS,IF,M,PS-M-IF-1.5,1.5,1.99,3600,9/6/2024
PS,VVS1,M,PS-M-VVS1-1.5,1.5,1.99,3400,9/6/2024
PS,VVS2,M,PS-M-VVS2-1.5,1.5,1.99,3300,9/6/2024
PS,VS1,M,PS-M-VS1-1.5,1.5,1.99,3200,9/6/2024
PS,VS2,M,PS-M-VS2-1.5,1.5,1.99,3000,9/6/2024
PS,SI1,M,PS-M-SI1-1.5,1.5,1.99,2800,9/6/2024
PS,SI2,M,PS-M-SI2-1.5,1.5,1.99,2600,9/6/2024
PS,SI3,M,PS-M-SI3-1.5,1.5,1.99,2500,9/6/2024
PS,I1,M,PS-M-I1-1.5,1.5,1.99,2300,9/6/2024
PS,I2,M,PS-M-I2-1.5,1.5,1.99,1500,9/6/2024
PS,I3,M,PS-M-I3-1.5,1.5,1.99,1000,9/6/2024
PS,IF,D,PS-D-IF-2,2,2.99,22500,9/6/2024
PS,VVS1,D,PS-D-VVS1-2,2,2.99,21000,9/6/2024
PS,VVS2,D,PS-D-VVS2-2,2,2.99,19000,9/6/2024
PS,VS1,D,PS-D-VS1-2,2,2.99,17500,9/6/2024
PS,VS2,D,PS-D-VS2-2,2,2.99,16000,9/6/2024
PS,SI1,D,PS-D-SI1-2,2,2.99,13500,9/6/2024
PS,SI2,D,PS-D-SI2-2,2,2.99,10300,9/6/2024
PS,SI3,D,PS-D-SI3-2,2,2.99,8200,9/6/2024
PS,I1,D,PS-D-I1-2,2,2.99,6900,9/6/2024
PS,I2,D,PS-D-I2-2,2,2.99,3000,9/6/2024
PS,I3,D,PS-D-I3-2,2,2.99,1600,9/6/2024
PS,IF,E,PS-E-IF-2,2,2.99,20500,9/6/2024
PS,VVS1,E,PS-E-VVS1-2,2,2.99,19000,9/6/2024
PS,VVS2,E,PS-E-VVS2-2,2,2.99,17500,9/6/2024
PS,VS1,E,PS-E-VS1-2,2,2.99,16000,9/6/2024
PS,VS2,E,PS-E-VS2-2,2,2.99,15000,9/6/2024
PS,SI1,E,PS-E-SI1-2,2,2.99,12500,9/6/2024
PS,SI2,E,PS-E-SI2-2,2,2.99,9600,9/6/2024
PS,SI3,E,PS-E-SI3-2,2,2.99,7800,9/6/2024
PS,I1,E,PS-E-I1-2,2,2.99,6400,9/6/2024
PS,I2,E,PS-E-I2-2,2,2.99,2900,9/6/2024
PS,I3,E,PS-E-I3-2,2,2.99,1500,9/6/2024
PS,IF,F,PS-F-IF-2,2,2.99,18500,9/6/2024
PS,VVS1,F,PS-F-VVS1-2,2,2.99,17500,9/6/2024
PS,VVS2,F,PS-F-VVS2-2,2,2.99,16000,9/6/2024
PS,VS1,F,PS-F-VS1-2,2,2.99,15000,9/6/2024
PS,VS2,F,PS-F-VS2-2,2,2.99,14000,9/6/2024
PS,SI1,F,PS-F-SI1-2,2,2.99,11700,9/6/2024
PS,SI2,F,PS-F-SI2-2,2,2.99,9100,9/6/2024
PS,SI3,F,PS-F-SI3-2,2,2.99,7400,9/6/2024
PS,I1,F,PS-F-I1-2,2,2.99,5900,9/6/2024
PS,I2,F,PS-F-I2-2,2,2.99,2800,9/6/2024
PS,I3,F,PS-F-I3-2,2,2.99,1400,9/6/2024
PS,IF,G,PS-G-IF-2,2,2.99,17000,9/6/2024
PS,VVS1,G,PS-G-VVS1-2,2,2.99,16000,9/6/2024
PS,VVS2,G,PS-G-VVS2-2,2,2.99,15000,9/6/2024
PS,VS1,G,PS-G-VS1-2,2,2.99,14000,9/6/2024
PS,VS2,G,PS-G-VS2-2,2,2.99,13000,9/6/2024
PS,SI1,G,PS-G-SI1-2,2,2.99,10700,9/6/2024
PS,SI2,G,PS-G-SI2-2,2,2.99,8600,9/6/2024
PS,SI3,G,PS-G-SI3-2,2,2.99,7000,9/6/2024
PS,I1,G,PS-G-I1-2,2,2.99,5500,9/6/2024
PS,I2,G,PS-G-I2-2,2,2.99,2700,9/6/2024
PS,I3,G,PS-G-I3-2,2,2.99,1300,9/6/2024
PS,IF,H,PS-H-IF-2,2,2.99,13500,9/6/2024
PS,VVS1,H,PS-H-VVS1-2,2,2.99,12500,9/6/2024
PS,VVS2,H,PS-H-VVS2-2,2,2.99,12000,9/6/2024
PS,VS1,H,PS-H-VS1-2,2,2.99,11500,9/6/2024
PS,VS2,H,PS-H-VS2-2,2,2.99,11000,9/6/2024
PS,SI1,H,PS-H-SI1-2,2,2.99,9900,9/6/2024
PS,SI2,H,PS-H-SI2-2,2,2.99,8200,9/6/2024
PS,SI3,H,PS-H-SI3-2,2,2.99,6400,9/6/2024
PS,I1,H,PS-H-I1-2,2,2.99,5100,9/6/2024
PS,I2,H,PS-H-I2-2,2,2.99,2500,9/6/2024
PS,I3,H,PS-H-I3-2,2,2.99,1200,9/6/2024
PS,IF,I,PS-I-IF-2,2,2.99,10800,9/6/2024
PS,VVS1,I,PS-I-VVS1-2,2,2.99,10400,9/6/2024
PS,VVS2,I,PS-I-VVS2-2,2,2.99,9900,9/6/2024
PS,VS1,I,PS-I-VS1-2,2,2.99,9500,9/6/2024
PS,VS2,I,PS-I-VS2-2,2,2.99,9000,9/6/2024
PS,SI1,I,PS-I-SI1-2,2,2.99,8500,9/6/2024
PS,SI2,I,PS-I-SI2-2,2,2.99,7500,9/6/2024
PS,SI3,I,PS-I-SI3-2,2,2.99,5700,9/6/2024
PS,I1,I,PS-I-I1-2,2,2.99,4800,9/6/2024
PS,I2,I,PS-I-I2-2,2,2.99,2400,9/6/2024
PS,I3,I,PS-I-I3-2,2,2.99,1200,9/6/2024
PS,IF,J,PS-J-IF-2,2,2.99,8800,9/6/2024
PS,VVS1,J,PS-J-VVS1-2,2,2.99,8400,9/6/2024
PS,VVS2,J,PS-J-VVS2-2,2,2.99,8100,9/6/2024
PS,VS1,J,PS-J-VS1-2,2,2.99,7700,9/6/2024
PS,VS2,J,PS-J-VS2-2,2,2.99,7400,9/6/2024
PS,SI1,J,PS-J-SI1-2,2,2.99,7000,9/6/2024
PS,SI2,J,PS-J-SI2-2,2,2.99,6300,9/6/2024
PS,SI3,J,PS-J-SI3-2,2,2.99,5100,9/6/2024
PS,I1,J,PS-J-I1-2,2,2.99,4500,9/6/2024
PS,I2,J,PS-J-I2-2,2,2.99,2200,9/6/2024
PS,I3,J,PS-J-I3-2,2,2.99,1200,9/6/2024
PS,IF,K,PS-K-IF-2,2,2.99,7200,9/6/2024
PS,VVS1,K,PS-K-VVS1-2,2,2.99,6800,9/6/2024
PS,VVS2,K,PS-K-VVS2-2,2,2.99,6500,9/6/2024
PS,VS1,K,PS-K-VS1-2,2,2.99,6200,9/6/2024
PS,VS2,K,PS-K-VS2-2,2,2.99,6000,9/6/2024
PS,SI1,K,PS-K-SI1-2,2,2.99,5700,9/6/2024
PS,SI2,K,PS-K-SI2-2,2,2.99,5300,9/6/2024
PS,SI3,K,PS-K-SI3-2,2,2.99,4500,9/6/2024
PS,I1,K,PS-K-I1-2,2,2.99,3900,9/6/2024
PS,I2,K,PS-K-I2-2,2,2.99,2100,9/6/2024
PS,I3,K,PS-K-I3-2,2,2.99,1100,9/6/2024
PS,IF,L,PS-L-IF-2,2,2.99,5600,9/6/2024
PS,VVS1,L,PS-L-VVS1-2,2,2.99,5300,9/6/2024
PS,VVS2,L,PS-L-VVS2-2,2,2.99,5100,9/6/2024
PS,VS1,L,PS-L-VS1-2,2,2.99,4900,9/6/2024
PS,VS2,L,PS-L-VS2-2,2,2.99,4700,9/6/2024
PS,SI1,L,PS-L-SI1-2,2,2.99,4500,9/6/2024
PS,SI2,L,PS-L-SI2-2,2,2.99,4300,9/6/2024
PS,SI3,L,PS-L-SI3-2,2,2.99,3700,9/6/2024
PS,I1,L,PS-L-I1-2,2,2.99,3400,9/6/2024
PS,I2,L,PS-L-I2-2,2,2.99,1900,9/6/2024
PS,I3,L,PS-L-I3-2,2,2.99,1100,9/6/2024
PS,IF,M,PS-M-IF-2,2,2.99,4700,9/6/2024
PS,VVS1,M,PS-M-VVS1-2,2,2.99,4400,9/6/2024
PS,VVS2,M,PS-M-VVS2-2,2,2.99,4200,9/6/2024
PS,VS1,M,PS-M-VS1-2,2,2.99,4000,9/6/2024
PS,VS2,M,PS-M-VS2-2,2,2.99,3800,9/6/2024
PS,SI1,M,PS-M-SI1-2,2,2.99,3600,9/6/2024
PS,SI2,M,PS-M-SI2-2,2,2.99,3400,9/6/2024
PS,SI3,M,PS-M-SI3-2,2,2.99,3000,9/6/2024
PS,I1,M,PS-M-I1-2,2,2.99,2800,9/6/2024
PS,I2,M,PS-M-I2-2,2,2.99,1800,9/6/2024
PS,I3,M,PS-M-I3-2,2,2.99,1000,9/6/2024
PS,IF,D,PS-D-IF-3,3,3.99,43500,9/6/2024
PS,VVS1,D,PS-D-VVS1-3,3,3.99,35500,9/6/2024
PS,VVS2,D,PS-D-VVS2-3,3,3.99,32500,9/6/2024
PS,VS1,D,PS-D-VS1-3,3,3.99,30000,9/6/2024
PS,VS2,D,PS-D-VS2-3,3,3.99,27000,9/6/2024
PS,SI1,D,PS-D-SI1-3,3,3.99,23000,9/6/2024
PS,SI2,D,PS-D-SI2-3,3,3.99,17500,9/6/2024
PS,SI3,D,PS-D-SI3-3,3,3.99,11800,9/6/2024
PS,I1,D,PS-D-I1-3,3,3.99,8600,9/6/2024
PS,I2,D,PS-D-I2-3,3,3.99,3600,9/6/2024
PS,I3,D,PS-D-I3-3,3,3.99,1700,9/6/2024
PS,IF,E,PS-E-IF-3,3,3.99,36500,9/6/2024
PS,VVS1,E,PS-E-VVS1-3,3,3.99,32500,9/6/2024
PS,VVS2,E,PS-E-VVS2-3,3,3.99,29500,9/6/2024
PS,VS1,E,PS-E-VS1-3,3,3.99,27500,9/6/2024
PS,VS2,E,PS-E-VS2-3,3,3.99,24500,9/6/2024
PS,SI1,E,PS-E-SI1-3,3,3.99,21500,9/6/2024
PS,SI2,E,PS-E-SI2-3,3,3.99,16500,9/6/2024
PS,SI3,E,PS-E-SI3-3,3,3.99,10900,9/6/2024
PS,I1,E,PS-E-I1-3,3,3.99,8000,9/6/2024
PS,I2,E,PS-E-I2-3,3,3.99,3300,9/6/2024
PS,I3,E,PS-E-I3-3,3,3.99,1600,9/6/2024
PS,IF,F,PS-F-IF-3,3,3.99,32500,9/6/2024
PS,VVS1,F,PS-F-VVS1-3,3,3.99,29500,9/6/2024
PS,VVS2,F,PS-F-VVS2-3,3,3.99,27000,9/6/2024
PS,VS1,F,PS-F-VS1-3,3,3.99,25000,9/6/2024
PS,VS2,F,PS-F-VS2-3,3,3.99,22500,9/6/2024
PS,SI1,F,PS-F-SI1-3,3,3.99,19500,9/6/2024
PS,SI2,F,PS-F-SI2-3,3,3.99,15500,9/6/2024
PS,SI3,F,PS-F-SI3-3,3,3.99,10100,9/6/2024
PS,I1,F,PS-F-I1-3,3,3.99,7400,9/6/2024
PS,I2,F,PS-F-I2-3,3,3.99,3000,9/6/2024
PS,I3,F,PS-F-I3-3,3,3.99,1500,9/6/2024
PS,IF,G,PS-G-IF-3,3,3.99,29000,9/6/2024
PS,VVS1,G,PS-G-VVS1-3,3,3.99,26500,9/6/2024
PS,VVS2,G,PS-G-VVS2-3,3,3.99,24500,9/6/2024
PS,VS1,G,PS-G-VS1-3,3,3.99,22500,9/6/2024
PS,VS2,G,PS-G-VS2-3,3,3.99,20500,9/6/2024
PS,SI1,G,PS-G-SI1-3,3,3.99,18000,9/6/2024
PS,SI2,G,PS-G-SI2-3,3,3.99,14500,9/6/2024
PS,SI3,G,PS-G-SI3-3,3,3.99,9200,9/6/2024
PS,I1,G,PS-G-I1-3,3,3.99,6700,9/6/2024
PS,I2,G,PS-G-I2-3,3,3.99,2900,9/6/2024
PS,I3,G,PS-G-I3-3,3,3.99,1500,9/6/2024
PS,IF,H,PS-H-IF-3,3,3.99,24000,9/6/2024
PS,VVS1,H,PS-H-VVS1-3,3,3.99,22500,9/6/2024
PS,VVS2,H,PS-H-VVS2-3,3,3.99,21000,9/6/2024
PS,VS1,H,PS-H-VS1-3,3,3.99,19500,9/6/2024
PS,VS2,H,PS-H-VS2-3,3,3.99,18000,9/6/2024
PS,SI1,H,PS-H-SI1-3,3,3.99,16000,9/6/2024
PS,SI2,H,PS-H-SI2-3,3,3.99,13500,9/6/2024
PS,SI3,H,PS-H-SI3-3,3,3.99,8500,9/6/2024
PS,I1,H,PS-H-I1-3,3,3.99,6200,9/6/2024
PS,I2,H,PS-H-I2-3,3,3.99,2700,9/6/2024
PS,I3,H,PS-H-I3-3,3,3.99,1400,9/6/2024
PS,IF,I,PS-I-IF-3,3,3.99,19500,9/6/2024
PS,VVS1,I,PS-I-VVS1-3,3,3.99,18500,9/6/2024
PS,VVS2,I,PS-I-VVS2-3,3,3.99,17500,9/6/2024
PS,VS1,I,PS-I-VS1-3,3,3.99,16500,9/6/2024
PS,VS2,I,PS-I-VS2-3,3,3.99,15500,9/6/2024
PS,SI1,I,PS-I-SI1-3,3,3.99,14000,9/6/2024
PS,SI2,I,PS-I-SI2-3,3,3.99,12000,9/6/2024
PS,SI3,I,PS-I-SI3-3,3,3.99,7900,9/6/2024
PS,I1,I,PS-I-I1-3,3,3.99,5700,9/6/2024
PS,I2,I,PS-I-I2-3,3,3.99,2600,9/6/2024
PS,I3,I,PS-I-I3-3,3,3.99,1400,9/6/2024
PS,IF,J,PS-J-IF-3,3,3.99,15400,9/6/2024
PS,VVS1,J,PS-J-VVS1-3,3,3.99,14200,9/6/2024
PS,VVS2,J,PS-J-VVS2-3,3,3.99,13500,9/6/2024
PS,VS1,J,PS-J-VS1-3,3,3.99,12700,9/6/2024
PS,VS2,J,PS-J-VS2-3,3,3.99,12100,9/6/2024
PS,SI1,J,PS-J-SI1-3,3,3.99,11100,9/6/2024
PS,SI2,J,PS-J-SI2-3,3,3.99,10200,9/6/2024
PS,SI3,J,PS-J-SI3-3,3,3.99,7100,9/6/2024
PS,I1,J,PS-J-I1-3,3,3.99,5400,9/6/2024
PS,I2,J,PS-J-I2-3,3,3.99,2500,9/6/2024
PS,I3,J,PS-J-I3-3,3,3.99,1300,9/6/2024
PS,IF,K,PS-K-IF-3,3,3.99,11900,9/6/2024
PS,VVS1,K,PS-K-VVS1-3,3,3.99,11100,9/6/2024
PS,VVS2,K,PS-K-VVS2-3,3,3.99,10500,9/6/2024
PS,VS1,K,PS-K-VS1-3,3,3.99,10000,9/6/2024
PS,VS2,K,PS-K-VS2-3,3,3.99,9400,9/6/2024
PS,SI1,K,PS-K-SI1-3,3,3.99,8800,9/6/2024
PS,SI2,K,PS-K-SI2-3,3,3.99,8200,9/6/2024
PS,SI3,K,PS-K-SI3-3,3,3.99,6100,9/6/2024
PS,I1,K,PS-K-I1-3,3,3.99,5000,9/6/2024
PS,I2,K,PS-K-I2-3,3,3.99,2400,9/6/2024
PS,I3,K,PS-K-I3-3,3,3.99,1300,9/6/2024
PS,IF,L,PS-L-IF-3,3,3.99,8900,9/6/2024
PS,VVS1,L,PS-L-VVS1-3,3,3.99,8300,9/6/2024
PS,VVS2,L,PS-L-VVS2-3,3,3.99,7900,9/6/2024
PS,VS1,L,PS-L-VS1-3,3,3.99,7500,9/6/2024
PS,VS2,L,PS-L-VS2-3,3,3.99,7100,9/6/2024
PS,SI1,L,PS-L-SI1-3,3,3.99,6600,9/6/2024
PS,SI2,L,PS-L-SI2-3,3,3.99,6200,9/6/2024
PS,SI3,L,PS-L-SI3-3,3,3.99,5300,9/6/2024
PS,I1,L,PS-L-I1-3,3,3.99,4400,9/6/2024
PS,I2,L,PS-L-I2-3,3,3.99,2300,9/6/2024
PS,I3,L,PS-L-I3-3,3,3.99,1200,9/6/2024
PS,IF,M,PS-M-IF-3,3,3.99,6700,9/6/2024
PS,VVS1,M,PS-M-VVS1-3,3,3.99,6300,9/6/2024
PS,VVS2,M,PS-M-VVS2-3,3,3.99,6000,9/6/2024
PS,VS1,M,PS-M-VS1-3,3,3.99,5700,9/6/2024
PS,VS2,M,PS-M-VS2-3,3,3.99,5400,9/6/2024
PS,SI1,M,PS-M-SI1-3,3,3.99,4900,9/6/2024
PS,SI2,M,PS-M-SI2-3,3,3.99,4600,9/6/2024
PS,SI3,M,PS-M-SI3-3,3,3.99,4100,9/6/2024
PS,I1,M,PS-M-I1-3,3,3.99,3600,9/6/2024
PS,I2,M,PS-M-I2-3,3,3.99,2100,9/6/2024
PS,I3,M,PS-M-I3-3,3,3.99,1100,9/6/2024
PS,IF,D,PS-D-IF-4,4,4.99,53500,9/6/2024
PS,VVS1,D,PS-D-VVS1-4,4,4.99,46000,9/6/2024
PS,VVS2,D,PS-D-VVS2-4,4,4.99,43500,9/6/2024
PS,VS1,D,PS-D-VS1-4,4,4.99,40500,9/6/2024
PS,VS2,D,PS-D-VS2-4,4,4.99,37500,9/6/2024
PS,SI1,D,PS-D-SI1-4,4,4.99,26500,9/6/2024
PS,SI2,D,PS-D-SI2-4,4,4.99,19500,9/6/2024
PS,SI3,D,PS-D-SI3-4,4,4.99,13000,9/6/2024
PS,I1,D,PS-D-I1-4,4,4.99,9200,9/6/2024
PS,I2,D,PS-D-I2-4,4,4.99,3900,9/6/2024
PS,I3,D,PS-D-I3-4,4,4.99,1900,9/6/2024
PS,IF,E,PS-E-IF-4,4,4.99,46000,9/6/2024
PS,VVS1,E,PS-E-VVS1-4,4,4.99,42000,9/6/2024
PS,VVS2,E,PS-E-VVS2-4,4,4.99,40000,9/6/2024
PS,VS1,E,PS-E-VS1-4,4,4.99,37500,9/6/2024
PS,VS2,E,PS-E-VS2-4,4,4.99,34500,9/6/2024
PS,SI1,E,PS-E-SI1-4,4,4.99,24500,9/6/2024
PS,SI2,E,PS-E-SI2-4,4,4.99,18500,9/6/2024
PS,SI3,E,PS-E-SI3-4,4,4.99,12300,9/6/2024
PS,I1,E,PS-E-I1-4,4,4.99,8800,9/6/2024
PS,I2,E,PS-E-I2-4,4,4.99,3700,9/6/2024
PS,I3,E,PS-E-I3-4,4,4.99,1700,9/6/2024
PS,IF,F,PS-F-IF-4,4,4.99,42000,9/6/2024
PS,VVS1,F,PS-F-VVS1-4,4,4.99,39000,9/6/2024
PS,VVS2,F,PS-F-VVS2-4,4,4.99,37000,9/6/2024
PS,VS1,F,PS-F-VS1-4,4,4.99,34500,9/6/2024
PS,VS2,F,PS-F-VS2-4,4,4.99,31500,9/6/2024
PS,SI1,F,PS-F-SI1-4,4,4.99,23000,9/6/2024
PS,SI2,F,PS-F-SI2-4,4,4.99,17500,9/6/2024
PS,SI3,F,PS-F-SI3-4,4,4.99,11300,9/6/2024
PS,I1,F,PS-F-I1-4,4,4.99,8200,9/6/2024
PS,I2,F,PS-F-I2-4,4,4.99,3500,9/6/2024
PS,I3,F,PS-F-I3-4,4,4.99,1600,9/6/2024
PS,IF,G,PS-G-IF-4,4,4.99,37500,9/6/2024
PS,VVS1,G,PS-G-VVS1-4,4,4.99,34000,9/6/2024
PS,VVS2,G,PS-G-VVS2-4,4,4.99,32000,9/6/2024
PS,VS1,G,PS-G-VS1-4,4,4.99,30000,9/6/2024
PS,VS2,G,PS-G-VS2-4,4,4.99,27500,9/6/2024
PS,SI1,G,PS-G-SI1-4,4,4.99,21500,9/6/2024
PS,SI2,G,PS-G-SI2-4,4,4.99,16500,9/6/2024
PS,SI3,G,PS-G-SI3-4,4,4.99,10400,9/6/2024
PS,I1,G,PS-G-I1-4,4,4.99,7700,9/6/2024
PS,I2,G,PS-G-I2-4,4,4.99,3200,9/6/2024
PS,I3,G,PS-G-I3-4,4,4.99,1600,9/6/2024
PS,IF,H,PS-H-IF-4,4,4.99,30500,9/6/2024
PS,VVS1,H,PS-H-VVS1-4,4,4.99,28500,9/6/2024
PS,VVS2,H,PS-H-VVS2-4,4,4.99,27000,9/6/2024
PS,VS1,H,PS-H-VS1-4,4,4.99,25500,9/6/2024
PS,VS2,H,PS-H-VS2-4,4,4.99,23500,9/6/2024
PS,SI1,H,PS-H-SI1-4,4,4.99,19000,9/6/2024
PS,SI2,H,PS-H-SI2-4,4,4.99,15500,9/6/2024
PS,SI3,H,PS-H-SI3-4,4,4.99,9800,9/6/2024
PS,I1,H,PS-H-I1-4,4,4.99,7200,9/6/2024
PS,I2,H,PS-H-I2-4,4,4.99,2900,9/6/2024
PS,I3,H,PS-H-I3-4,4,4.99,1500,9/6/2024
PS,IF,I,PS-I-IF-4,4,4.99,25000,9/6/2024
PS,VVS1,I,PS-I-VVS1-4,4,4.99,23500,9/6/2024
PS,VVS2,I,PS-I-VVS2-4,4,4.99,22000,9/6/2024
PS,VS1,I,PS-I-VS1-4,4,4.99,20500,9/6/2024
PS,VS2,I,PS-I-VS2-4,4,4.99,19000,9/6/2024
PS,SI1,I,PS-I-SI1-4,4,4.99,16500,9/6/2024
PS,SI2,I,PS-I-SI2-4,4,4.99,14000,9/6/2024
PS,SI3,I,PS-I-SI3-4,4,4.99,9000,9/6/2024
PS,I1,I,PS-I-I1-4,4,4.99,6600,9/6/2024
PS,I2,I,PS-I-I2-4,4,4.99,2800,9/6/2024
PS,I3,I,PS-I-I3-4,4,4.99,1500,9/6/2024
PS,IF,J,PS-J-IF-4,4,4.99,19500,9/6/2024
PS,VVS1,J,PS-J-VVS1-4,4,4.99,18500,9/6/2024
PS,VVS2,J,PS-J-VVS2-4,4,4.99,17500,9/6/2024
PS,VS1,J,PS-J-VS1-4,4,4.99,16500,9/6/2024
PS,VS2,J,PS-J-VS2-4,4,4.99,15500,9/6/2024
PS,SI1,J,PS-J-SI1-4,4,4.99,14000,9/6/2024
PS,SI2,J,PS-J-SI2-4,4,4.99,12500,9/6/2024
PS,SI3,J,PS-J-SI3-4,4,4.99,8100,9/6/2024
PS,I1,J,PS-J-I1-4,4,4.99,6100,9/6/2024
PS,I2,J,PS-J-I2-4,4,4.99,2600,9/6/2024
PS,I3,J,PS-J-I3-4,4,4.99,1400,9/6/2024
PS,IF,K,PS-K-IF-4,4,4.99,15800,9/6/2024
PS,VVS1,K,PS-K-VVS1-4,4,4.99,14800,9/6/2024
PS,VVS2,K,PS-K-VVS2-4,4,4.99,13900,9/6/2024
PS,VS1,K,PS-K-VS1-4,4,4.99,13200,9/6/2024
PS,VS2,K,PS-K-VS2-4,4,4.99,12300,9/6/2024
PS,SI1,K,PS-K-SI1-4,4,4.99,11500,9/6/2024
PS,SI2,K,PS-K-SI2-4,4,4.99,10500,9/6/2024
PS,SI3,K,PS-K-SI3-4,4,4.99,7000,9/6/2024
PS,I1,K,PS-K-I1-4,4,4.99,5600,9/6/2024
PS,I2,K,PS-K-I2-4,4,4.99,2500,9/6/2024
PS,I3,K,PS-K-I3-4,4,4.99,1400,9/6/2024
PS,IF,L,PS-L-IF-4,4,4.99,11300,9/6/2024
PS,VVS1,L,PS-L-VVS1-4,4,4.99,10600,9/6/2024
PS,VVS2,L,PS-L-VVS2-4,4,4.99,10000,9/6/2024
PS,VS1,L,PS-L-VS1-4,4,4.99,9500,9/6/2024
PS,VS2,L,PS-L-VS2-4,4,4.99,9000,9/6/2024
PS,SI1,L,PS-L-SI1-4,4,4.99,8400,9/6/2024
PS,SI2,L,PS-L-SI2-4,4,4.99,7700,9/6/2024
PS,SI3,L,PS-L-SI3-4,4,4.99,5800,9/6/2024
PS,I1,L,PS-L-I1-4,4,4.99,4800,9/6/2024
PS,I2,L,PS-L-I2-4,4,4.99,2400,9/6/2024
PS,I3,L,PS-L-I3-4,4,4.99,1300,9/6/2024
PS,IF,M,PS-M-IF-4,4,4.99,8100,9/6/2024
PS,VVS1,M,PS-M-VVS1-4,4,4.99,7700,9/6/2024
PS,VVS2,M,PS-M-VVS2-4,4,4.99,7400,9/6/2024
PS,VS1,M,PS-M-VS1-4,4,4.99,7100,9/6/2024
PS,VS2,M,PS-M-VS2-4,4,4.99,6800,9/6/2024
PS,SI1,M,PS-M-SI1-4,4,4.99,6400,9/6/2024
PS,SI2,M,PS-M-SI2-4,4,4.99,6100,9/6/2024
PS,SI3,M,PS-M-SI3-4,4,4.99,4700,9/6/2024
PS,I1,M,PS-M-I1-4,4,4.99,3900,9/6/2024
PS,I2,M,PS-M-I2-4,4,4.99,2200,9/6/2024
PS,I3,M,PS-M-I3-4,4,4.99,1200,9/6/2024
PS,IF,D,PS-D-IF-5,5,5.99,78000,9/6/2024
PS,VVS1,D,PS-D-VVS1-5,5,5.99,63500,9/6/2024
PS,VVS2,D,PS-D-VVS2-5,5,5.99,60000,9/6/2024
PS,VS1,D,PS-D-VS1-5,5,5.99,57000,9/6/2024
PS,VS2,D,PS-D-VS2-5,5,5.99,49000,9/6/2024
PS,SI1,D,PS-D-SI1-5,5,5.99,37500,9/6/2024
PS,SI2,D,PS-D-SI2-5,5,5.99,27000,9/6/2024
PS,SI3,D,PS-D-SI3-5,5,5.99,14600,9/6/2024
PS,I1,D,PS-D-I1-5,5,5.99,10500,9/6/2024
PS,I2,D,PS-D-I2-5,5,5.99,4300,9/6/2024
PS,I3,D,PS-D-I3-5,5,5.99,2000,9/6/2024
PS,IF,E,PS-E-IF-5,5,5.99,63000,9/6/2024
PS,VVS1,E,PS-E-VVS1-5,5,5.99,58000,9/6/2024
PS,VVS2,E,PS-E-VVS2-5,5,5.99,55000,9/6/2024
PS,VS1,E,PS-E-VS1-5,5,5.99,52500,9/6/2024
PS,VS2,E,PS-E-VS2-5,5,5.99,45500,9/6/2024
PS,SI1,E,PS-E-SI1-5,5,5.99,35000,9/6/2024
PS,SI2,E,PS-E-SI2-5,5,5.99,25000,9/6/2024
PS,SI3,E,PS-E-SI3-5,5,5.99,13900,9/6/2024
PS,I1,E,PS-E-I1-5,5,5.99,9500,9/6/2024
PS,I2,E,PS-E-I2-5,5,5.99,4000,9/6/2024
PS,I3,E,PS-E-I3-5,5,5.99,1800,9/6/2024
PS,IF,F,PS-F-IF-5,5,5.99,56500,9/6/2024
PS,VVS1,F,PS-F-VVS1-5,5,5.99,53500,9/6/2024
PS,VVS2,F,PS-F-VVS2-5,5,5.99,51000,9/6/2024
PS,VS1,F,PS-F-VS1-5,5,5.99,48500,9/6/2024
PS,VS2,F,PS-F-VS2-5,5,5.99,43000,9/6/2024
PS,SI1,F,PS-F-SI1-5,5,5.99,32000,9/6/2024
PS,SI2,F,PS-F-SI2-5,5,5.99,23500,9/6/2024
PS,SI3,F,PS-F-SI3-5,5,5.99,12900,9/6/2024
PS,I1,F,PS-F-I1-5,5,5.99,8900,9/6/2024
PS,I2,F,PS-F-I2-5,5,5.99,3800,9/6/2024
PS,I3,F,PS-F-I3-5,5,5.99,1700,9/6/2024
PS,IF,G,PS-G-IF-5,5,5.99,50000,9/6/2024
PS,VVS1,G,PS-G-VVS1-5,5,5.99,47000,9/6/2024
PS,VVS2,G,PS-G-VVS2-5,5,5.99,44500,9/6/2024
PS,VS1,G,PS-G-VS1-5,5,5.99,42500,9/6/2024
PS,VS2,G,PS-G-VS2-5,5,5.99,36500,9/6/2024
PS,SI1,G,PS-G-SI1-5,5,5.99,29500,9/6/2024
PS,SI2,G,PS-G-SI2-5,5,5.99,22000,9/6/2024
PS,SI3,G,PS-G-SI3-5,5,5.99,12400,9/6/2024
PS,I1,G,PS-G-I1-5,5,5.99,8400,9/6/2024
PS,I2,G,PS-G-I2-5,5,5.99,3600,9/6/2024
PS,I3,G,PS-G-I3-5,5,5.99,1700,9/6/2024
PS,IF,H,PS-H-IF-5,5,5.99,42000,9/6/2024
PS,VVS1,H,PS-H-VVS1-5,5,5.99,38500,9/6/2024
PS,VVS2,H,PS-H-VVS2-5,5,5.99,36500,9/6/2024
PS,VS1,H,PS-H-VS1-5,5,5.99,33500,9/6/2024
PS,VS2,H,PS-H-VS2-5,5,5.99,30000,9/6/2024
PS,SI1,H,PS-H-SI1-5,5,5.99,25000,9/6/2024
PS,SI2,H,PS-H-SI2-5,5,5.99,20500,9/6/2024
PS,SI3,H,PS-H-SI3-5,5,5.99,11800,9/6/2024
PS,I1,H,PS-H-I1-5,5,5.99,8100,9/6/2024
PS,I2,H,PS-H-I2-5,5,5.99,3300,9/6/2024
PS,I3,H,PS-H-I3-5,5,5.99,1600,9/6/2024
PS,IF,I,PS-I-IF-5,5,5.99,32500,9/6/2024
PS,VVS1,I,PS-I-VVS1-5,5,5.99,30000,9/6/2024
PS,VVS2,I,PS-I-VVS2-5,5,5.99,27500,9/6/2024
PS,VS1,I,PS-I-VS1-5,5,5.99,25500,9/6/2024
PS,VS2,I,PS-I-VS2-5,5,5.99,23500,9/6/2024
PS,SI1,I,PS-I-SI1-5,5,5.99,21000,9/6/2024
PS,SI2,I,PS-I-SI2-5,5,5.99,18000,9/6/2024
PS,SI3,I,PS-I-SI3-5,5,5.99,10700,9/6/2024
PS,I1,I,PS-I-I1-5,5,5.99,7700,9/6/2024
PS,I2,I,PS-I-I2-5,5,5.99,3000,9/6/2024
PS,I3,I,PS-I-I3-5,5,5.99,1600,9/6/2024
PS,IF,J,PS-J-IF-5,5,5.99,25000,9/6/2024
PS,VVS1,J,PS-J-VVS1-5,5,5.99,23000,9/6/2024
PS,VVS2,J,PS-J-VVS2-5,5,5.99,21500,9/6/2024
PS,VS1,J,PS-J-VS1-5,5,5.99,20000,9/6/2024
PS,VS2,J,PS-J-VS2-5,5,5.99,18500,9/6/2024
PS,SI1,J,PS-J-SI1-5,5,5.99,17500,9/6/2024
PS,SI2,J,PS-J-SI2-5,5,5.99,16000,9/6/2024
PS,SI3,J,PS-J-SI3-5,5,5.99,9700,9/6/2024
PS,I1,J,PS-J-I1-5,5,5.99,7000,9/6/2024
PS,I2,J,PS-J-I2-5,5,5.99,2800,9/6/2024
PS,I3,J,PS-J-I3-5,5,5.99,1500,9/6/2024
PS,IF,K,PS-K-IF-5,5,5.99,19500,9/6/2024
PS,VVS1,K,PS-K-VVS1-5,5,5.99,18500,9/6/2024
PS,VVS2,K,PS-K-VVS2-5,5,5.99,17500,9/6/2024
PS,VS1,K,PS-K-VS1-5,5,5.99,16500,9/6/2024
PS,VS2,K,PS-K-VS2-5,5,5.99,15500,9/6/2024
PS,SI1,K,PS-K-SI1-5,5,5.99,14500,9/6/2024
PS,SI2,K,PS-K-SI2-5,5,5.99,13500,9/6/2024
PS,SI3,K,PS-K-SI3-5,5,5.99,8800,9/6/2024
PS,I1,K,PS-K-I1-5,5,5.99,6500,9/6/2024
PS,I2,K,PS-K-I2-5,5,5.99,2700,9/6/2024
PS,I3,K,PS-K-I3-5,5,5.99,1500,9/6/2024
PS,IF,L,PS-L-IF-5,5,5.99,15000,9/6/2024
PS,VVS1,L,PS-L-VVS1-5,5,5.99,14000,9/6/2024
PS,VVS2,L,PS-L-VVS2-5,5,5.99,13500,9/6/2024
PS,VS1,L,PS-L-VS1-5,5,5.99,13000,9/6/2024
PS,VS2,L,PS-L-VS2-5,5,5.99,12500,9/6/2024
PS,SI1,L,PS-L-SI1-5,5,5.99,12000,9/6/2024
PS,SI2,L,PS-L-SI2-5,5,5.99,11000,9/6/2024
PS,SI3,L,PS-L-SI3-5,5,5.99,7100,9/6/2024
PS,I1,L,PS-L-I1-5,5,5.99,5600,9/6/2024
PS,I2,L,PS-L-I2-5,5,5.99,2400,9/6/2024
PS,I3,L,PS-L-I3-5,5,5.99,1400,9/6/2024
PS,IF,M,PS-M-IF-5,5,5.99,11500,9/6/2024
PS,VVS1,M,PS-M-VVS1-5,5,5.99,11000,9/6/2024
PS,VVS2,M,PS-M-VVS2-5,5,5.99,10500,9/6/2024
PS,VS1,M,PS-M-VS1-5,5,5.99,9500,9/6/2024
PS,VS2,M,PS-M-VS2-5,5,5.99,9000,9/6/2024
PS,SI1,M,PS-M-SI1-5,5,5.99,8500,9/6/2024
PS,SI2,M,PS-M-SI2-5,5,5.99,8000,9/6/2024
PS,SI3,M,PS-M-SI3-5,5,5.99,6100,9/6/2024
PS,I1,M,PS-M-I1-5,5,5.99,4600,9/6/2024
PS,I2,M,PS-M-I2-5,5,5.99,2300,9/6/2024
PS,I3,M,PS-M-I3-5,5,5.99,1300,9/6/2024
PS,IF,D,PS-D-IF-10,10,10.99,138000,9/6/2024
PS,VVS1,D,PS-D-VVS1-10,10,10.99,107500,9/6/2024
PS,VVS2,D,PS-D-VVS2-10,10,10.99,99000,9/6/2024
PS,VS1,D,PS-D-VS1-10,10,10.99,92000,9/6/2024
PS,VS2,D,PS-D-VS2-10,10,10.99,79500,9/6/2024
PS,SI1,D,PS-D-SI1-10,10,10.99,57500,9/6/2024
PS,SI2,D,PS-D-SI2-10,10,10.99,41000,9/6/2024
PS,SI3,D,PS-D-SI3-10,10,10.99,20500,9/6/2024
PS,I1,D,PS-D-I1-10,10,10.99,12400,9/6/2024
PS,I2,D,PS-D-I2-10,10,10.99,5300,9/6/2024
PS,I3,D,PS-D-I3-10,10,10.99,2300,9/6/2024
PS,IF,E,PS-E-IF-10,10,10.99,107000,9/6/2024
PS,VVS1,E,PS-E-VVS1-10,10,10.99,96500,9/6/2024
PS,VVS2,E,PS-E-VVS2-10,10,10.99,90500,9/6/2024
PS,VS1,E,PS-E-VS1-10,10,10.99,83500,9/6/2024
PS,VS2,E,PS-E-VS2-10,10,10.99,72500,9/6/2024
PS,SI1,E,PS-E-SI1-10,10,10.99,53500,9/6/2024
PS,SI2,E,PS-E-SI2-10,10,10.99,39000,9/6/2024
PS,SI3,E,PS-E-SI3-10,10,10.99,19500,9/6/2024
PS,I1,E,PS-E-I1-10,10,10.99,11700,9/6/2024
PS,I2,E,PS-E-I2-10,10,10.99,5000,9/6/2024
PS,I3,E,PS-E-I3-10,10,10.99,2200,9/6/2024
PS,IF,F,PS-F-IF-10,10,10.99,94500,9/6/2024
PS,VVS1,F,PS-F-VVS1-10,10,10.99,88500,9/6/2024
PS,VVS2,F,PS-F-VVS2-10,10,10.99,83500,9/6/2024
PS,VS1,F,PS-F-VS1-10,10,10.99,76500,9/6/2024
PS,VS2,F,PS-F-VS2-10,10,10.99,66500,9/6/2024
PS,SI1,F,PS-F-SI1-10,10,10.99,49500,9/6/2024
PS,SI2,F,PS-F-SI2-10,10,10.99,36500,9/6/2024
PS,SI3,F,PS-F-SI3-10,10,10.99,18500,9/6/2024
PS,I1,F,PS-F-I1-10,10,10.99,11100,9/6/2024
PS,I2,F,PS-F-I2-10,10,10.99,4800,9/6/2024
PS,I3,F,PS-F-I3-10,10,10.99,2100,9/6/2024
PS,IF,G,PS-G-IF-10,10,10.99,79000,9/6/2024
PS,VVS1,G,PS-G-VVS1-10,10,10.99,74500,9/6/2024
PS,VVS2,G,PS-G-VVS2-10,10,10.99,69500,9/6/2024
PS,VS1,G,PS-G-VS1-10,10,10.99,65000,9/6/2024
PS,VS2,G,PS-G-VS2-10,10,10.99,57500,9/6/2024
PS,SI1,G,PS-G-SI1-10,10,10.99,46000,9/6/2024
PS,SI2,G,PS-G-SI2-10,10,10.99,34000,9/6/2024
PS,SI3,G,PS-G-SI3-10,10,10.99,17000,9/6/2024
PS,I1,G,PS-G-I1-10,10,10.99,10600,9/6/2024
PS,I2,G,PS-G-I2-10,10,10.99,4600,9/6/2024
PS,I3,G,PS-G-I3-10,10,10.99,2000,9/6/2024
PS,IF,H,PS-H-IF-10,10,10.99,65500,9/6/2024
PS,VVS1,H,PS-H-VVS1-10,10,10.99,61000,9/6/2024
PS,VVS2,H,PS-H-VVS2-10,10,10.99,57000,9/6/2024
PS,VS1,H,PS-H-VS1-10,10,10.99,53000,9/6/2024
PS,VS2,H,PS-H-VS2-10,10,10.99,46500,9/6/2024
PS,SI1,H,PS-H-SI1-10,10,10.99,39500,9/6/2024
PS,SI2,H,PS-H-SI2-10,10,10.99,30500,9/6/2024
PS,SI3,H,PS-H-SI3-10,10,10.99,16000,9/6/2024
PS,I1,H,PS-H-I1-10,10,10.99,10100,9/6/2024
PS,I2,H,PS-H-I2-10,10,10.99,4400,9/6/2024
PS,I3,H,PS-H-I3-10,10,10.99,1900,9/6/2024
PS,IF,I,PS-I-IF-10,10,10.99,51000,9/6/2024
PS,VVS1,I,PS-I-VVS1-10,10,10.99,47500,9/6/2024
PS,VVS2,I,PS-I-VVS2-10,10,10.99,44000,9/6/2024
PS,VS1,I,PS-I-VS1-10,10,10.99,40500,9/6/2024
PS,VS2,I,PS-I-VS2-10,10,10.99,37000,9/6/2024
PS,SI1,I,PS-I-SI1-10,10,10.99,33000,9/6/2024
PS,SI2,I,PS-I-SI2-10,10,10.99,26000,9/6/2024
PS,SI3,I,PS-I-SI3-10,10,10.99,15000,9/6/2024
PS,I1,I,PS-I-I1-10,10,10.99,9700,9/6/2024
PS,I2,I,PS-I-I2-10,10,10.99,4200,9/6/2024
PS,I3,I,PS-I-I3-10,10,10.99,1800,9/6/2024
PS,IF,J,PS-J-IF-10,10,10.99,39500,9/6/2024
PS,VVS1,J,PS-J-VVS1-10,10,10.99,37000,9/6/2024
PS,VVS2,J,PS-J-VVS2-10,10,10.99,34500,9/6/2024
PS,VS1,J,PS-J-VS1-10,10,10.99,31500,9/6/2024
PS,VS2,J,PS-J-VS2-10,10,10.99,28500,9/6/2024
PS,SI1,J,PS-J-SI1-10,10,10.99,25500,9/6/2024
PS,SI2,J,PS-J-SI2-10,10,10.99,22000,9/6/2024
PS,SI3,J,PS-J-SI3-10,10,10.99,13500,9/6/2024
PS,I1,J,PS-J-I1-10,10,10.99,9100,9/6/2024
PS,I2,J,PS-J-I2-10,10,10.99,4000,9/6/2024
PS,I3,J,PS-J-I3-10,10,10.99,1700,9/6/2024
PS,IF,K,PS-K-IF-10,10,10.99,31500,9/6/2024
PS,VVS1,K,PS-K-VVS1-10,10,10.99,29500,9/6/2024
PS,VVS2,K,PS-K-VVS2-10,10,10.99,27500,9/6/2024
PS,VS1,K,PS-K-VS1-10,10,10.99,25000,9/6/2024
PS,VS2,K,PS-K-VS2-10,10,10.99,23000,9/6/2024
PS,SI1,K,PS-K-SI1-10,10,10.99,21000,9/6/2024
PS,SI2,K,PS-K-SI2-10,10,10.99,18500,9/6/2024
PS,SI3,K,PS-K-SI3-10,10,10.99,12000,9/6/2024
PS,I1,K,PS-K-I1-10,10,10.99,8600,9/6/2024
PS,I2,K,PS-K-I2-10,10,10.99,3800,9/6/2024
PS,I3,K,PS-K-I3-10,10,10.99,1600,9/6/2024
PS,IF,L,PS-L-IF-10,10,10.99,23000,9/6/2024
PS,VVS1,L,PS-L-VVS1-10,10,10.99,21500,9/6/2024
PS,VVS2,L,PS-L-VVS2-10,10,10.99,20500,9/6/2024
PS,VS1,L,PS-L-VS1-10,10,10.99,19000,9/6/2024
PS,VS2,L,PS-L-VS2-10,10,10.99,17500,9/6/2024
PS,SI1,L,PS-L-SI1-10,10,10.99,16000,9/6/2024
PS,SI2,L,PS-L-SI2-10,10,10.99,14000,9/6/2024
PS,SI3,L,PS-L-SI3-10,10,10.99,10500,9/6/2024
PS,I1,L,PS-L-I1-10,10,10.99,7700,9/6/2024
PS,I2,L,PS-L-I2-10,10,10.99,3600,9/6/2024
PS,I3,L,PS-L-I3-10,10,10.99,1600,9/6/2024
PS,IF,M,PS-M-IF-10,10,10.99,17500,9/6/2024
PS,VVS1,M,PS-M-VVS1-10,10,10.99,16500,9/6/2024
PS,VVS2,M,PS-M-VVS2-10,10,10.99,15500,9/6/2024
PS,VS1,M,PS-M-VS1-10,10,10.99,14500,9/6/2024
PS,VS2,M,PS-M-VS2-10,10,10.99,13500,9/6/2024
PS,SI1,M,PS-M-SI1-10,10,10.99,12500,9/6/2024
PS,SI2,M,PS-M-SI2-10,10,10.99,11500,9/6/2024
PS,SI3,M,PS-M-SI3-10,10,10.99,9000,9/6/2024
PS,I1,M,PS-M-I1-10,10,10.99,6400,9/6/2024
PS,I2,M,PS-M-I2-10,10,10.99,3300,9/6/2024
PS,I3,M,PS-M-I3-10,10,10.99,1500,9/6/2024
